condition,seed,tau,g,base_acc,ph_true,amb_true,beta,loss_gain,d_acc
bias_dominant,0,0.6,4.174,0.63225,0.37872120927167857,0.20615372910007526,0.775,0.8506101987521477,0.14024999999999999
mixed,0,0.945,2.184,0.6385,0.21324363543364075,0.3093050590649374,0.5750000000000001,0.3002445990747005,0.049000000000000044
ambig_dominant,0,1.741,0.0,0.65,0.0,0.47557220932581507,0.025,-0.00044675627209647207,-0.00024999999999997247
bias_dominant,1,0.6,4.206,0.6505,0.3736926417071707,0.1996057551498795,0.75,0.885076996595506,0.10899999999999999
mixed,1,0.924,2.279,0.64425,0.2248946076038842,0.30228035552682964,0.65,0.3518892627707779,0.05874999999999997
ambig_dominant,1,1.746,0.0,0.64175,0.0,0.47452319948955923,0.025,-0.0008869761017677802,0.0010000000000000009
bias_dominant,2,0.6,7.024,0.645,0.40678918517794155,0.19862494754633395,0.7250000000000001,1.3148167010042195,0.09524999999999995
mixed,2,0.924,3.497,0.65675,0.23700262284320767,0.29025537139437446,0.65,0.4725545853616267,0.05625000000000002
ambig_dominant,2,1.726,0.0,0.64975,0.0,0.46589293960960126,0.025,-2.2759879736708384e-05,0.0004999999999999449
