family,dataset,condition,target,seed,exchangeable,alpha,apply_rate,joint_harm,acc_gain,blanket_joint_harm,blanket_acc_gain
ptbxl,ptbxl,drop11,hard,0,True,0.05,0.7152777777777778,0.001388888888888889,0.0001668716130101,0.09722222222222222,0.0020868893810477296
ptbxl,ptbxl,drop11,hard,0,True,0.1,0.7263888888888889,0.002777777777777778,0.0002857907606075294,0.09722222222222222,0.0020868893810477296
ptbxl,ptbxl,drop11,hard,0,True,0.2,0.7722222222222223,0.009722222222222222,0.00039285504836994445,0.09722222222222222,0.0020868893810477296
ptbxl,ptbxl,drop11,hard,0,True,0.3,0.8361111111111111,0.02638888888888889,-0.00017193972784468325,0.09722222222222222,0.0020868893810477296
ptbxl,ptbxl,drop11,hard,0,True,0.5,0.8847222222222222,0.034722222222222224,0.000824574802600786,0.09722222222222222,0.0020868893810477296
ptbxl,ptbxl,drop11,hard,1,True,0.05,0.4708333333333333,0.006944444444444444,-0.0018632310637801686,0.1763888888888889,-0.0006813649225271279
ptbxl,ptbxl,drop11,hard,1,True,0.1,0.5180555555555556,0.009722222222222222,-0.0017332187992270542,0.1763888888888889,-0.0006813649225271279
ptbxl,ptbxl,drop11,hard,1,True,0.2,0.5930555555555556,0.019444444444444445,-0.0013018255964977188,0.1763888888888889,-0.0006813649225271279
ptbxl,ptbxl,drop11,hard,1,True,0.3,0.7,0.03888888888888889,-0.0014958817644386002,0.1763888888888889,-0.0006813649225271279
ptbxl,ptbxl,drop11,hard,1,True,0.5,0.7763888888888889,0.059722222222222225,-0.0023657136998451733,0.1763888888888889,-0.0006813649225271279
ptbxl,ptbxl,drop11,hard,2,True,0.05,0.4513888888888889,0.004166666666666667,-0.0007419446949044062,0.20972222222222223,0.00044761264390658084
ptbxl,ptbxl,drop11,hard,2,True,0.1,0.5,0.006944444444444444,-0.0008012352000129619,0.20972222222222223,0.00044761264390658084
ptbxl,ptbxl,drop11,hard,2,True,0.2,0.5708333333333333,0.018055555555555554,-0.0006345026677717636,0.20972222222222223,0.00044761264390658084
ptbxl,ptbxl,drop11,hard,2,True,0.3,0.6569444444444444,0.03611111111111111,-0.0012441941735413797,0.20972222222222223,0.00044761264390658084
ptbxl,ptbxl,drop11,hard,2,True,0.5,0.7458333333333333,0.06111111111111111,-0.00038484466262378447,0.20972222222222223,0.00044761264390658084
ptbxl,ptbxl,drop10,hard,0,True,0.05,0.15694444444444444,0.005555555555555556,-0.004502471300673605,0.2875,0.01673787815885175
ptbxl,ptbxl,drop10,hard,0,True,0.1,0.20694444444444443,0.006944444444444444,-0.0046234298547837005,0.2875,0.01673787815885175
ptbxl,ptbxl,drop10,hard,0,True,0.2,0.3736111111111111,0.02361111111111111,-0.004103845060562938,0.2875,0.01673787815885175
ptbxl,ptbxl,drop10,hard,0,True,0.3,0.5125,0.05555555555555555,-0.005515033087268195,0.2875,0.01673787815885175
ptbxl,ptbxl,drop10,hard,0,True,0.5,0.7166666666666667,0.12361111111111112,-0.0035735417639471967,0.2875,0.01673787815885175
ptbxl,ptbxl,drop10,hard,1,True,0.05,0.15138888888888888,0.002777777777777778,-0.0035503699044197035,0.2791666666666667,0.016794794929661627
ptbxl,ptbxl,drop10,hard,1,True,0.1,0.18055555555555555,0.002777777777777778,-0.003348911219102746,0.2791666666666667,0.016794794929661627
ptbxl,ptbxl,drop10,hard,1,True,0.2,0.34305555555555556,0.013888888888888888,-0.0026738805537117605,0.2791666666666667,0.016794794929661627
ptbxl,ptbxl,drop10,hard,1,True,0.3,0.5055555555555555,0.043055555555555555,0.0013009692409896578,0.2791666666666667,0.016794794929661627
ptbxl,ptbxl,drop10,hard,1,True,0.5,0.6888888888888889,0.1111111111111111,0.0016633503071060707,0.2791666666666667,0.016794794929661627
ptbxl,ptbxl,drop10,hard,2,True,0.05,0.15,0.001388888888888889,-0.004103279076259403,0.3236111111111111,0.013696454411284975
ptbxl,ptbxl,drop10,hard,2,True,0.1,0.20972222222222223,0.005555555555555556,-0.004495175435057619,0.3236111111111111,0.013696454411284975
ptbxl,ptbxl,drop10,hard,2,True,0.2,0.36527777777777776,0.019444444444444445,-0.0016135340121478103,0.3236111111111111,0.013696454411284975
ptbxl,ptbxl,drop10,hard,2,True,0.3,0.5333333333333333,0.07777777777777778,-0.002869924215846198,0.3236111111111111,0.013696454411284975
ptbxl,ptbxl,drop10,hard,2,True,0.5,0.7180555555555556,0.14444444444444443,0.005956101097353561,0.3236111111111111,0.013696454411284975
ptbxl,ptbxl,drop9,hard,0,True,0.05,0.025,0.001388888888888889,-0.0015545593789595413,0.3458333333333333,0.04168623704320529
ptbxl,ptbxl,drop9,hard,0,True,0.1,0.06111111111111111,0.004166666666666667,-0.0022249477172664456,0.3458333333333333,0.04168623704320529
ptbxl,ptbxl,drop9,hard,0,True,0.2,0.3819444444444444,0.05277777777777778,0.009284138755621285,0.3458333333333333,0.04168623704320529
ptbxl,ptbxl,drop9,hard,0,True,0.3,0.6069444444444444,0.11805555555555555,0.016809987169676743,0.3458333333333333,0.04168623704320529
ptbxl,ptbxl,drop9,hard,0,True,0.5,0.8236111111111111,0.23194444444444445,0.030625277059592504,0.3458333333333333,0.04168623704320529
ptbxl,ptbxl,drop9,hard,1,True,0.05,0.02361111111111111,0.001388888888888889,-0.0015983640468059113,0.30277777777777776,0.04111753492353121
ptbxl,ptbxl,drop9,hard,1,True,0.1,0.05138888888888889,0.004166666666666667,-0.0021462841197097404,0.30277777777777776,0.04111753492353121
ptbxl,ptbxl,drop9,hard,1,True,0.2,0.38333333333333336,0.044444444444444446,0.01760788747833142,0.30277777777777776,0.04111753492353121
ptbxl,ptbxl,drop9,hard,1,True,0.3,0.6402777777777777,0.12361111111111112,0.02076194411011989,0.30277777777777776,0.04111753492353121
ptbxl,ptbxl,drop9,hard,1,True,0.5,0.8291666666666667,0.20694444444444443,0.02586095100280905,0.30277777777777776,0.04111753492353121
ptbxl,ptbxl,drop9,hard,2,True,0.05,0.02361111111111111,0.0,-0.0009218423965704492,0.32916666666666666,0.038468256753687924
ptbxl,ptbxl,drop9,hard,2,True,0.1,0.06805555555555555,0.001388888888888889,-0.0018950140709380614,0.32916666666666666,0.038468256753687924
ptbxl,ptbxl,drop9,hard,2,True,0.2,0.375,0.04722222222222222,0.00755462616547109,0.32916666666666666,0.038468256753687924
ptbxl,ptbxl,drop9,hard,2,True,0.3,0.6263888888888889,0.12222222222222222,0.015800542054126065,0.32916666666666666,0.038468256753687924
ptbxl,ptbxl,drop9,hard,2,True,0.5,0.8361111111111111,0.22361111111111112,0.025248617942717377,0.32916666666666666,0.038468256753687924
ptbxl,ptbxl,drop8,hard,0,True,0.05,0.011111111111111112,0.0,-0.0008348091113171696,0.3416666666666667,0.052499392610292794
ptbxl,ptbxl,drop8,hard,0,True,0.1,0.030555555555555555,0.002777777777777778,-0.0017619125647654332,0.3416666666666667,0.052499392610292794
ptbxl,ptbxl,drop8,hard,0,True,0.2,0.4361111111111111,0.05694444444444444,0.028058250054882272,0.3416666666666667,0.052499392610292794
ptbxl,ptbxl,drop8,hard,0,True,0.3,0.6194444444444445,0.125,0.033824517501361506,0.3416666666666667,0.052499392610292794
ptbxl,ptbxl,drop8,hard,0,True,0.5,0.8361111111111111,0.2388888888888889,0.04220618664894216,0.3416666666666667,0.052499392610292794
ptbxl,ptbxl,drop8,hard,1,True,0.05,0.008333333333333333,0.0,-0.0003982638464465893,0.30416666666666664,0.05298290465316846
ptbxl,ptbxl,drop8,hard,1,True,0.1,0.02361111111111111,0.001388888888888889,-0.0012369894480270816,0.30416666666666664,0.05298290465316846
ptbxl,ptbxl,drop8,hard,1,True,0.2,0.43333333333333335,0.058333333333333334,0.028841834215129536,0.30416666666666664,0.05298290465316846
ptbxl,ptbxl,drop8,hard,1,True,0.3,0.6555555555555556,0.13333333333333333,0.0376430990532034,0.30416666666666664,0.05298290465316846
ptbxl,ptbxl,drop8,hard,1,True,0.5,0.8541666666666666,0.2263888888888889,0.04006447867659535,0.30416666666666664,0.05298290465316846
ptbxl,ptbxl,drop8,hard,2,True,0.05,0.016666666666666666,0.0,-0.001418359210106579,0.31805555555555554,0.051138453290458075
ptbxl,ptbxl,drop8,hard,2,True,0.1,0.04583333333333333,0.005555555555555556,-0.0026980149414754795,0.31805555555555554,0.051138453290458075
ptbxl,ptbxl,drop8,hard,2,True,0.2,0.42916666666666664,0.06666666666666667,0.01919952086310306,0.31805555555555554,0.051138453290458075
ptbxl,ptbxl,drop8,hard,2,True,0.3,0.6430555555555556,0.13055555555555556,0.032781322552888015,0.31805555555555554,0.051138453290458075
ptbxl,ptbxl,drop8,hard,2,True,0.5,0.8680555555555556,0.2361111111111111,0.045071094057100636,0.31805555555555554,0.051138453290458075
ptbxl,ptbxl,drop7,hard,0,True,0.05,0.008333333333333333,0.001388888888888889,-0.0018140161153030743,0.26666666666666666,0.06741190144123543
ptbxl,ptbxl,drop7,hard,0,True,0.1,0.07777777777777778,0.011111111111111112,0.0038588870726774527,0.26666666666666666,0.06741190144123543
ptbxl,ptbxl,drop7,hard,0,True,0.2,0.5388888888888889,0.09444444444444444,0.034397453536929024,0.26666666666666666,0.06741190144123543
ptbxl,ptbxl,drop7,hard,0,True,0.3,0.7152777777777778,0.14027777777777778,0.04707741363338536,0.26666666666666666,0.06741190144123543
ptbxl,ptbxl,drop7,hard,0,True,0.5,0.9416666666666667,0.23472222222222222,0.06103950635835986,0.26666666666666666,0.06741190144123543
ptbxl,ptbxl,drop7,hard,1,True,0.05,0.008333333333333333,0.001388888888888889,-0.002437413285248491,0.24444444444444444,0.0735337512332983
ptbxl,ptbxl,drop7,hard,1,True,0.1,0.05694444444444444,0.005555555555555556,0.0052943691833930995,0.24444444444444444,0.0735337512332983
ptbxl,ptbxl,drop7,hard,1,True,0.2,0.5,0.07916666666666666,0.035633604393298546,0.24444444444444444,0.0735337512332983
ptbxl,ptbxl,drop7,hard,1,True,0.3,0.7430555555555556,0.15,0.05190857426621043,0.24444444444444444,0.0735337512332983
ptbxl,ptbxl,drop7,hard,1,True,0.5,0.9388888888888889,0.21805555555555556,0.06788146341032975,0.24444444444444444,0.0735337512332983
ptbxl,ptbxl,drop7,hard,2,True,0.05,0.009722222222222222,0.0,-0.0009033395953594869,0.25555555555555554,0.06482478764445854
ptbxl,ptbxl,drop7,hard,2,True,0.1,0.06527777777777778,0.004166666666666667,0.00410365389337064,0.25555555555555554,0.06482478764445854
ptbxl,ptbxl,drop7,hard,2,True,0.2,0.49583333333333335,0.06805555555555555,0.03549489853212218,0.25555555555555554,0.06482478764445854
ptbxl,ptbxl,drop7,hard,2,True,0.3,0.6986111111111111,0.13055555555555556,0.04457586455715046,0.25555555555555554,0.06482478764445854
ptbxl,ptbxl,drop7,hard,2,True,0.5,0.9291666666666667,0.21388888888888888,0.06038208218406815,0.25555555555555554,0.06482478764445854
ptbxl,ptbxl,drop6,hard,0,True,0.05,0.08333333333333333,0.006944444444444444,0.006351721609031746,0.18055555555555555,0.11799987304407367
ptbxl,ptbxl,drop6,hard,0,True,0.1,0.275,0.030555555555555555,0.021247608983391397,0.18055555555555555,0.11799987304407367
ptbxl,ptbxl,drop6,hard,0,True,0.2,0.6125,0.08472222222222223,0.0528387136948002,0.18055555555555555,0.11799987304407367
ptbxl,ptbxl,drop6,hard,0,True,0.3,0.8055555555555556,0.11666666666666667,0.0815302264476544,0.18055555555555555,0.11799987304407367
ptbxl,ptbxl,drop6,hard,0,True,0.5,0.9430555555555555,0.15555555555555556,0.10252172113732205,0.18055555555555555,0.11799987304407367
ptbxl,ptbxl,drop6,hard,1,True,0.05,0.006944444444444444,0.001388888888888889,9.12178040393119e-05,0.20694444444444443,0.12465771056243657
ptbxl,ptbxl,drop6,hard,1,True,0.1,0.12916666666666668,0.019444444444444445,0.010283418690635981,0.20694444444444443,0.12465771056243657
ptbxl,ptbxl,drop6,hard,1,True,0.2,0.5777777777777777,0.09027777777777778,0.06953528693686994,0.20694444444444443,0.12465771056243657
ptbxl,ptbxl,drop6,hard,1,True,0.3,0.7736111111111111,0.13055555555555556,0.0903666490216859,0.20694444444444443,0.12465771056243657
ptbxl,ptbxl,drop6,hard,1,True,0.5,0.9513888888888888,0.18611111111111112,0.11635859874277932,0.20694444444444443,0.12465771056243657
ptbxl,ptbxl,drop6,hard,2,True,0.05,0.10277777777777777,0.008333333333333333,0.008627189868236074,0.19166666666666668,0.1020317452719669
ptbxl,ptbxl,drop6,hard,2,True,0.1,0.375,0.04027777777777778,0.03143069949773003,0.19166666666666668,0.1020317452719669
ptbxl,ptbxl,drop6,hard,2,True,0.2,0.6680555555555555,0.08888888888888889,0.06550716674536239,0.19166666666666668,0.1020317452719669
ptbxl,ptbxl,drop6,hard,2,True,0.3,0.7805555555555556,0.1125,0.0752311499355589,0.19166666666666668,0.1020317452719669
ptbxl,ptbxl,drop6,hard,2,True,0.5,0.9625,0.175,0.09514306623477509,0.19166666666666668,0.1020317452719669
ptbxl,ptbxl,drop5,hard,0,True,0.05,0.08333333333333333,0.005555555555555556,0.009462154840987114,0.18194444444444444,0.14378639088173684
ptbxl,ptbxl,drop5,hard,0,True,0.1,0.2847222222222222,0.03333333333333333,0.027046677037413258,0.18194444444444444,0.14378639088173684
ptbxl,ptbxl,drop5,hard,0,True,0.2,0.6125,0.08194444444444444,0.06818683546840132,0.18194444444444444,0.14378639088173684
ptbxl,ptbxl,drop5,hard,0,True,0.3,0.8069444444444445,0.11805555555555555,0.10488283764547401,0.18194444444444444,0.14378639088173684
ptbxl,ptbxl,drop5,hard,0,True,0.5,0.9430555555555555,0.15694444444444444,0.12552163602752764,0.18194444444444444,0.14378639088173684
ptbxl,ptbxl,drop5,hard,1,True,0.05,0.005555555555555556,0.0,0.000228463426397707,0.1986111111111111,0.14319621046490227
ptbxl,ptbxl,drop5,hard,1,True,0.1,0.12916666666666668,0.016666666666666666,0.0111735292918268,0.1986111111111111,0.14319621046490227
ptbxl,ptbxl,drop5,hard,1,True,0.2,0.5791666666666667,0.09444444444444444,0.07529827878924078,0.1986111111111111,0.14319621046490227
ptbxl,ptbxl,drop5,hard,1,True,0.3,0.7722222222222223,0.12916666666666668,0.10002679229616429,0.1986111111111111,0.14319621046490227
ptbxl,ptbxl,drop5,hard,1,True,0.5,0.9527777777777777,0.18194444444444444,0.13259086251253493,0.1986111111111111,0.14319621046490227
ptbxl,ptbxl,drop5,hard,2,True,0.05,0.10277777777777777,0.006944444444444444,0.013064679333676832,0.18888888888888888,0.12578282847812827
ptbxl,ptbxl,drop5,hard,2,True,0.1,0.3597222222222222,0.0375,0.0458533926573661,0.18888888888888888,0.12578282847812827
ptbxl,ptbxl,drop5,hard,2,True,0.2,0.6638888888888889,0.09305555555555556,0.08269488870787267,0.18888888888888888,0.12578282847812827
ptbxl,ptbxl,drop5,hard,2,True,0.3,0.7861111111111111,0.11666666666666667,0.09539101942253736,0.18888888888888888,0.12578282847812827
ptbxl,ptbxl,drop5,hard,2,True,0.5,0.9652777777777778,0.175,0.11863955809783999,0.18888888888888888,0.12578282847812827
ptbxl,ptbxl,drop4,hard,0,True,0.05,0.09166666666666666,0.006944444444444444,0.009556031761845829,0.1763888888888889,0.16884416050710316
ptbxl,ptbxl,drop4,hard,0,True,0.1,0.28055555555555556,0.029166666666666667,0.03035775696816234,0.1763888888888889,0.16884416050710316
ptbxl,ptbxl,drop4,hard,0,True,0.2,0.6277777777777778,0.08611111111111111,0.0774421450401086,0.1763888888888889,0.16884416050710316
ptbxl,ptbxl,drop4,hard,0,True,0.3,0.8138888888888889,0.11527777777777778,0.12515473636461338,0.1763888888888889,0.16884416050710316
ptbxl,ptbxl,drop4,hard,0,True,0.5,0.9444444444444444,0.1527777777777778,0.14987415945907123,0.1763888888888889,0.16884416050710316
ptbxl,ptbxl,drop4,hard,1,True,0.05,0.001388888888888889,0.0,0.0006558668557328229,0.19444444444444445,0.17587837645995308
ptbxl,ptbxl,drop4,hard,1,True,0.1,0.125,0.0125,0.020107557389754338,0.19444444444444445,0.17587837645995308
ptbxl,ptbxl,drop4,hard,1,True,0.2,0.575,0.08611111111111111,0.0976276461430381,0.19444444444444445,0.17587837645995308
ptbxl,ptbxl,drop4,hard,1,True,0.3,0.7638888888888888,0.12777777777777777,0.12327772790967917,0.19444444444444445,0.17587837645995308
ptbxl,ptbxl,drop4,hard,1,True,0.5,0.9555555555555556,0.1763888888888889,0.16529431026895902,0.19444444444444445,0.17587837645995308
ptbxl,ptbxl,drop4,hard,2,True,0.05,0.1111111111111111,0.009722222222222222,0.013428740805673467,0.18888888888888888,0.15598999462931928
ptbxl,ptbxl,drop4,hard,2,True,0.1,0.3819444444444444,0.0375,0.057727966579030454,0.18888888888888888,0.15598999462931928
ptbxl,ptbxl,drop4,hard,2,True,0.2,0.6736111111111112,0.09305555555555556,0.0986177548519298,0.18888888888888888,0.15598999462931928
ptbxl,ptbxl,drop4,hard,2,True,0.3,0.7986111111111112,0.11666666666666667,0.1210575658626456,0.18888888888888888,0.15598999462931928
ptbxl,ptbxl,drop4,hard,2,True,0.5,0.9611111111111111,0.17083333333333334,0.1481088173284354,0.18888888888888888,0.15598999462931928
ptbxl,ptbxl,drop3,hard,0,True,0.05,0.08472222222222223,0.006944444444444444,0.017601904909649524,0.16805555555555557,0.21071968237462502
ptbxl,ptbxl,drop3,hard,0,True,0.1,0.29305555555555557,0.03194444444444444,0.056054241220114376,0.16805555555555557,0.21071968237462502
ptbxl,ptbxl,drop3,hard,0,True,0.2,0.6430555555555556,0.07777777777777778,0.12305340037933199,0.16805555555555557,0.21071968237462502
ptbxl,ptbxl,drop3,hard,0,True,0.3,0.8180555555555555,0.10972222222222222,0.16879965921783824,0.16805555555555557,0.21071968237462502
ptbxl,ptbxl,drop3,hard,0,True,0.5,0.9458333333333333,0.14722222222222223,0.19252208213154398,0.16805555555555557,0.21071968237462502
ptbxl,ptbxl,drop3,hard,1,True,0.05,0.006944444444444444,0.0,0.000576411398454657,0.18472222222222223,0.20347955470891743
ptbxl,ptbxl,drop3,hard,1,True,0.1,0.11944444444444445,0.011111111111111112,0.027609482007193042,0.18472222222222223,0.20347955470891743
ptbxl,ptbxl,drop3,hard,1,True,0.2,0.6125,0.0875,0.12193635465030184,0.18472222222222223,0.20347955470891743
ptbxl,ptbxl,drop3,hard,1,True,0.3,0.8041666666666667,0.12083333333333333,0.16091396229226895,0.18472222222222223,0.20347955470891743
ptbxl,ptbxl,drop3,hard,1,True,0.5,0.9611111111111111,0.16666666666666666,0.19393277019363309,0.18472222222222223,0.20347955470891743
ptbxl,ptbxl,drop3,hard,2,True,0.05,0.11388888888888889,0.008333333333333333,0.024532216112861382,0.17083333333333334,0.18579317885258007
ptbxl,ptbxl,drop3,hard,2,True,0.1,0.39861111111111114,0.04027777777777778,0.07384104335652664,0.17083333333333334,0.18579317885258007
ptbxl,ptbxl,drop3,hard,2,True,0.2,0.6958333333333333,0.0875,0.13108985716327026,0.17083333333333334,0.18579317885258007
ptbxl,ptbxl,drop3,hard,2,True,0.3,0.8208333333333333,0.11527777777777778,0.15324900173036093,0.17083333333333334,0.18579317885258007
ptbxl,ptbxl,drop3,hard,2,True,0.5,0.9652777777777778,0.1597222222222222,0.1775126757397113,0.17083333333333334,0.18579317885258007
ptbxl,ptbxl,drop2,hard,0,True,0.05,0.0875,0.005555555555555556,0.03125031600231887,0.1763888888888889,0.28763479812157633
ptbxl,ptbxl,drop2,hard,0,True,0.1,0.2791666666666667,0.027777777777777776,0.09221686002848373,0.1763888888888889,0.28763479812157633
ptbxl,ptbxl,drop2,hard,0,True,0.2,0.65,0.08611111111111111,0.19508438976130593,0.1763888888888889,0.28763479812157633
ptbxl,ptbxl,drop2,hard,0,True,0.3,0.825,0.12083333333333333,0.24670810780352737,0.1763888888888889,0.28763479812157633
ptbxl,ptbxl,drop2,hard,0,True,0.5,0.9597222222222223,0.15833333333333333,0.2754737126448734,0.1763888888888889,0.28763479812157633
ptbxl,ptbxl,drop2,hard,1,True,0.05,0.004166666666666667,0.0,-0.0006268265264478545,0.1986111111111111,0.27025113370510856
ptbxl,ptbxl,drop2,hard,1,True,0.1,0.1111111111111111,0.009722222222222222,0.045596076920957906,0.1986111111111111,0.27025113370510856
ptbxl,ptbxl,drop2,hard,1,True,0.2,0.6,0.09722222222222222,0.17669531774499303,0.1986111111111111,0.27025113370510856
ptbxl,ptbxl,drop2,hard,1,True,0.3,0.7958333333333333,0.1388888888888889,0.21777599869710507,0.1986111111111111,0.27025113370510856
ptbxl,ptbxl,drop2,hard,1,True,0.5,0.9708333333333333,0.1875,0.26333783909213193,0.1986111111111111,0.27025113370510856
ptbxl,ptbxl,drop2,hard,2,True,0.05,0.09722222222222222,0.006944444444444444,0.03391256256892061,0.16944444444444445,0.26589891832257306
ptbxl,ptbxl,drop2,hard,2,True,0.1,0.3902777777777778,0.041666666666666664,0.12632218287964525,0.16944444444444445,0.26589891832257306
ptbxl,ptbxl,drop2,hard,2,True,0.2,0.6972222222222222,0.09166666666666666,0.20614531163295258,0.16944444444444445,0.26589891832257306
ptbxl,ptbxl,drop2,hard,2,True,0.3,0.8263888888888888,0.11666666666666667,0.23423813517925163,0.16944444444444445,0.26589891832257306
ptbxl,ptbxl,drop2,hard,2,True,0.5,0.9763888888888889,0.15833333333333333,0.26171386762997617,0.16944444444444445,0.26589891832257306
