study,bench,name,seed,cond,arm,rep,noise,pool_frac,policy,chosen,k,beta,n_pool,n_fit,n_conf,n_test,base_metric,gate_metric_delta,blanket_metric_delta,base_accuracy,gate_accuracy,joint_harm,blanket_joint_harm,apply_rate,target_accuracy
noise,mosei,CMAD,0,a,,,0.1,,selected,cross_mask,5,1.0,1161,1161,1161,1160,0.6305803571428571,0.0502232142857143,0.0736607142857143,0.5353448275862069,0.5827586206896552,0.10086206896551723,0.25775862068965516,0.3232758620689655,0.6137931034482759
noise,mosei,CMAD,0,a,,,0.1,,hard,hard,8,0.525,1161,1161,1161,1160,0.6305803571428571,0.024553571428571508,0.015625,0.5353448275862069,0.5844827586206897,0.14051724137931035,0.3431034482758621,0.42844827586206896,0.6172413793103448
noise,mosei,CMAD,0,a,,,0.2,,selected,cross_mask,5,1.0,1161,1161,1161,1160,0.6305803571428571,0.0502232142857143,0.0736607142857143,0.5353448275862069,0.5827586206896552,0.10086206896551723,0.25775862068965516,0.3232758620689655,0.6137931034482759
noise,mosei,CMAD,0,a,,,0.2,,hard,hard,20,0.47500000000000003,1161,1161,1161,1160,0.6305803571428571,0.0022321428571429047,-0.0078125,0.5353448275862069,0.55,0.14396551724137932,0.2767241379310345,0.46551724137931033,0.5681034482758621
noise,mosei,CMAD,0,a,,,0.3,,selected,cross_mask,5,1.0,1161,1161,1161,1160,0.6305803571428571,0.0502232142857143,0.0736607142857143,0.5353448275862069,0.5827586206896552,0.10086206896551723,0.25775862068965516,0.3232758620689655,0.6137931034482759
noise,mosei,CMAD,0,a,,,0.3,,hard,hard,35,0.275,1161,1161,1161,1160,0.6305803571428571,0.011160714285714302,0.029017857142857206,0.5353448275862069,0.5491379310344827,0.06810344827586207,0.14913793103448275,0.2827586206896552,0.5387931034482759
noise,mosei,CMAD,0,a,,,0.4,,selected,cross_mask,5,1.0,1161,1161,1161,1160,0.6305803571428571,0.0502232142857143,0.0736607142857143,0.5353448275862069,0.5827586206896552,0.10086206896551723,0.25775862068965516,0.3232758620689655,0.6137931034482759
noise,mosei,CMAD,0,a,,,0.4,,hard,hard,3,0.025,1161,1161,1161,1160,0.6305803571428571,-0.008928571428571397,-0.0200892857142857,0.5353448275862069,0.5301724137931034,0.0,0.2103448275862069,0.09568965517241379,0.5017241379310344
noise,mosei,CMAD,1,a,,,0.1,,selected,cross_mask,20,1.0,1161,1161,1161,1160,0.6560088202866593,0.055126791620727644,0.05402425578831316,0.5586206896551724,0.6043103448275862,0.08362068965517241,0.2267241379310345,0.23706896551724138,0.5991379310344828
noise,mosei,CMAD,1,a,,,0.1,,hard,hard,5,0.42500000000000004,1161,1161,1161,1160,0.6560088202866593,0.011025358324145529,-0.006615214994487251,0.5586206896551724,0.5905172413793104,0.0896551724137931,0.3439655172413793,0.2706896551724138,0.6068965517241379
noise,mosei,CMAD,1,a,,,0.2,,selected,cross_mask,20,1.0,1161,1161,1161,1160,0.6560088202866593,0.055126791620727644,0.05402425578831316,0.5586206896551724,0.6043103448275862,0.08362068965517241,0.2267241379310345,0.23706896551724138,0.5991379310344828
noise,mosei,CMAD,1,a,,,0.2,,hard,hard,5,0.325,1161,1161,1161,1160,0.6560088202866593,0.0,-0.04189636163175303,0.5586206896551724,0.5758620689655173,0.0896551724137931,0.35517241379310344,0.2663793103448276,0.5586206896551724
noise,mosei,CMAD,1,a,,,0.3,,selected,cross_mask,20,1.0,1161,1161,1161,1160,0.6560088202866593,0.055126791620727644,0.05402425578831316,0.5586206896551724,0.6043103448275862,0.08362068965517241,0.2267241379310345,0.23706896551724138,0.5991379310344828
noise,mosei,CMAD,1,a,,,0.3,,hard,hard,3,0.15000000000000002,1161,1161,1161,1160,0.6560088202866593,0.02535832414553474,0.0022050716648290836,0.5586206896551724,0.5818965517241379,0.061206896551724135,0.30517241379310345,0.2,0.5612068965517242
noise,mosei,CMAD,1,a,,,0.4,,selected,cross_mask,20,1.0,1161,1161,1161,1160,0.6560088202866593,0.055126791620727644,0.05402425578831316,0.5586206896551724,0.6043103448275862,0.08362068965517241,0.2267241379310345,0.23706896551724138,0.5991379310344828
noise,mosei,CMAD,1,a,,,0.4,,hard,hard,3,0.07500000000000001,1161,1161,1161,1160,0.6560088202866593,0.0,0.0011025358324145973,0.5586206896551724,0.5586206896551724,0.01896551724137931,0.10862068965517241,0.16982758620689656,0.5431034482758621
noise,mosei,CMAD,2,a,,,0.1,,selected,cross_mask,3,0.75,1161,1161,1161,1160,0.6396103896103896,0.02813852813852813,0.050865800865800836,0.5586206896551724,0.5870689655172414,0.034482758620689655,0.31982758620689655,0.15862068965517243,0.6051724137931035
noise,mosei,CMAD,2,a,,,0.1,,hard,hard,5,0.35000000000000003,1161,1161,1161,1160,0.6396103896103896,-0.005411255411255422,-0.02164502164502169,0.5586206896551724,0.5543103448275862,0.03879310344827586,0.3594827586206897,0.09827586206896552,0.5775862068965517
noise,mosei,CMAD,2,a,,,0.2,,selected,cross_mask,3,0.75,1161,1161,1161,1160,0.6396103896103896,0.02813852813852813,0.050865800865800836,0.5586206896551724,0.5870689655172414,0.034482758620689655,0.31982758620689655,0.15862068965517243,0.6051724137931035
noise,mosei,CMAD,2,a,,,0.2,,hard,hard,50,0.75,1161,1161,1161,1160,0.6396103896103896,0.0010822510822510178,0.015151515151515138,0.5586206896551724,0.5594827586206896,0.004310344827586207,0.30086206896551726,0.019827586206896553,0.5862068965517241
noise,mosei,CMAD,2,a,,,0.3,,selected,cross_mask,3,0.75,1161,1161,1161,1160,0.6396103896103896,0.02813852813852813,0.050865800865800836,0.5586206896551724,0.5870689655172414,0.034482758620689655,0.31982758620689655,0.15862068965517243,0.6051724137931035
noise,mosei,CMAD,2,a,,,0.3,,hard,hard,3,0.15000000000000002,1161,1161,1161,1160,0.6396103896103896,0.0021645021645021467,-0.011904761904761973,0.5586206896551724,0.5620689655172414,0.0603448275862069,0.3129310344827586,0.30431034482758623,0.5655172413793104
noise,mosei,CMAD,2,a,,,0.4,,selected,cross_mask,3,0.75,1161,1161,1161,1160,0.6396103896103896,0.02813852813852813,0.050865800865800836,0.5586206896551724,0.5870689655172414,0.034482758620689655,0.31982758620689655,0.15862068965517243,0.6051724137931035
noise,mosei,CMAD,2,a,,,0.4,,hard,hard,5,0.05,1161,1161,1161,1160,0.6396103896103896,0.0021645021645021467,-0.0021645021645021467,0.5586206896551724,0.5594827586206896,0.005172413793103448,0.225,0.028448275862068967,0.5362068965517242
noise,mosei,CMAD,3,a,,,0.1,,selected,cross_mask,5,1.0,1161,1161,1161,1160,0.6038961038961039,0.04220779220779214,0.09090909090909083,0.5224137931034483,0.5646551724137931,0.0939655172413793,0.328448275862069,0.2767241379310345,0.6146551724137931
noise,mosei,CMAD,3,a,,,0.1,,hard,hard,3,0.42500000000000004,1161,1161,1161,1160,0.6038961038961039,0.027056277056277,0.0021645021645021467,0.5224137931034483,0.5586206896551724,0.10517241379310345,0.41206896551724137,0.3,0.5844827586206897
noise,mosei,CMAD,3,a,,,0.2,,selected,cross_mask,5,1.0,1161,1161,1161,1160,0.6038961038961039,0.04220779220779214,0.09090909090909083,0.5224137931034483,0.5646551724137931,0.0939655172413793,0.328448275862069,0.2767241379310345,0.6146551724137931
noise,mosei,CMAD,3,a,,,0.2,,hard,hard,3,0.35000000000000003,1161,1161,1161,1160,0.6038961038961039,0.04004329004328999,0.0021645021645021467,0.5224137931034483,0.5655172413793104,0.08706896551724137,0.3931034482758621,0.23793103448275862,0.5922413793103448
noise,mosei,CMAD,3,a,,,0.3,,selected,cross_mask,5,1.0,1161,1161,1161,1160,0.6038961038961039,0.04220779220779214,0.09090909090909083,0.5224137931034483,0.5646551724137931,0.0939655172413793,0.328448275862069,0.2767241379310345,0.6146551724137931
noise,mosei,CMAD,3,a,,,0.3,,hard,hard,35,0.2,1161,1161,1161,1160,0.6038961038961039,0.0021645021645021467,0.01406926406926401,0.5224137931034483,0.5241379310344828,0.0034482758620689655,0.23793103448275862,0.00603448275862069,0.5405172413793103
noise,mosei,CMAD,3,a,,,0.4,,selected,cross_mask,5,1.0,1161,1161,1161,1160,0.6038961038961039,0.04220779220779214,0.09090909090909083,0.5224137931034483,0.5646551724137931,0.0939655172413793,0.328448275862069,0.2767241379310345,0.6146551724137931
noise,mosei,CMAD,3,a,,,0.4,,hard,hard,3,0.125,1161,1161,1161,1160,0.6038961038961039,0.0032467532467531646,0.0010822510822510178,0.5224137931034483,0.5301724137931034,0.02586206896551724,0.21120689655172414,0.4836206896551724,0.5344827586206896
noise,mosei,CMAD,4,a,,,0.1,,selected,cross_mask,8,1.0,1161,1161,1161,1160,0.6170921198668147,0.05771365149833518,0.06659267480577136,0.5310344827586206,0.5948275862068966,0.13275862068965516,0.3112068965517241,0.41379310344827586,0.6103448275862069
noise,mosei,CMAD,4,a,,,0.1,,hard,hard,8,0.55,1161,1161,1161,1160,0.6170921198668147,0.015538290788013276,0.009988901220865709,0.5310344827586206,0.5612068965517242,0.10517241379310345,0.3543103448275862,0.2939655172413793,0.5844827586206897
noise,mosei,CMAD,4,a,,,0.2,,selected,cross_mask,8,1.0,1161,1161,1161,1160,0.6170921198668147,0.05771365149833518,0.06659267480577136,0.5310344827586206,0.5948275862068966,0.13275862068965516,0.3112068965517241,0.41379310344827586,0.6103448275862069
noise,mosei,CMAD,4,a,,,0.2,,hard,hard,8,0.55,1161,1161,1161,1160,0.6170921198668147,0.002219755826859071,0.0011098779134295356,0.5310344827586206,0.5465517241379311,0.10517241379310345,0.35517241379310344,0.26120689655172413,0.5706896551724138
noise,mosei,CMAD,4,a,,,0.3,,selected,cross_mask,8,1.0,1161,1161,1161,1160,0.6170921198668147,0.05771365149833518,0.06659267480577136,0.5310344827586206,0.5948275862068966,0.13275862068965516,0.3112068965517241,0.41379310344827586,0.6103448275862069
noise,mosei,CMAD,4,a,,,0.3,,hard,hard,20,0.47500000000000003,1161,1161,1161,1160,0.6170921198668147,-0.0011098779134295356,0.013318534961154205,0.5310344827586206,0.5353448275862069,0.075,0.3086206896551724,0.16551724137931034,0.5620689655172414
noise,mosei,CMAD,4,a,,,0.4,,selected,cross_mask,8,1.0,1161,1161,1161,1160,0.6170921198668147,0.05771365149833518,0.06659267480577136,0.5310344827586206,0.5948275862068966,0.13275862068965516,0.3112068965517241,0.41379310344827586,0.6103448275862069
noise,mosei,CMAD,4,a,,,0.4,,hard,hard,50,0.275,1161,1161,1161,1160,0.6170921198668147,-0.002219755826859071,0.0,0.5310344827586206,0.5327586206896552,0.03362068965517241,0.14051724137931035,0.08448275862068966,0.5112068965517241
noise,mosei,CMAD,0,v,,,0.1,,selected,cross_mask,3,0.75,1161,1161,1161,1160,0.6350446428571429,0.0636160714285714,0.05803571428571419,0.5672413793103448,0.6068965517241379,0.12586206896551724,0.3396551724137931,0.3931034482758621,0.6068965517241379
noise,mosei,CMAD,0,v,,,0.1,,hard,hard,8,0.525,1161,1161,1161,1160,0.6350446428571429,0.017857142857142794,0.0022321428571427937,0.5672413793103448,0.5870689655172414,0.05775862068965517,0.3413793103448276,0.21810344827586206,0.6086206896551725
noise,mosei,CMAD,0,v,,,0.2,,selected,cross_mask,3,0.75,1161,1161,1161,1160,0.6350446428571429,0.0636160714285714,0.05803571428571419,0.5672413793103448,0.6068965517241379,0.12586206896551724,0.3396551724137931,0.3931034482758621,0.6068965517241379
noise,mosei,CMAD,0,v,,,0.2,,hard,hard,5,0.375,1161,1161,1161,1160,0.6350446428571429,0.008928571428571397,-0.0022321428571429047,0.5672413793103448,0.5887931034482758,0.10517241379310345,0.33189655172413796,0.31810344827586207,0.6068965517241379
noise,mosei,CMAD,0,v,,,0.3,,selected,cross_mask,3,0.75,1161,1161,1161,1160,0.6350446428571429,0.0636160714285714,0.05803571428571419,0.5672413793103448,0.6068965517241379,0.12586206896551724,0.3396551724137931,0.3931034482758621,0.6068965517241379
noise,mosei,CMAD,0,v,,,0.3,,hard,hard,8,0.375,1161,1161,1161,1160,0.6350446428571429,-0.006696428571428603,0.004464285714285698,0.5672413793103448,0.5758620689655173,0.11896551724137931,0.3456896551724138,0.2956896551724138,0.5508620689655173
noise,mosei,CMAD,0,v,,,0.4,,selected,cross_mask,3,0.75,1161,1161,1161,1160,0.6350446428571429,0.0636160714285714,0.05803571428571419,0.5672413793103448,0.6068965517241379,0.12586206896551724,0.3396551724137931,0.3931034482758621,0.6068965517241379
noise,mosei,CMAD,0,v,,,0.4,,hard,hard,20,0.325,1161,1161,1161,1160,0.6350446428571429,0.0033482142857141906,0.005580357142857095,0.5672413793103448,0.5862068965517241,0.08103448275862069,0.2939655172413793,0.19913793103448277,0.5293103448275862
noise,mosei,CMAD,1,v,,,0.1,,selected,cross_mask,5,0.775,1161,1161,1161,1160,0.6306504961411246,0.05292171995589856,0.07717750826901881,0.5603448275862069,0.6008620689655172,0.1413793103448276,0.3336206896551724,0.38275862068965516,0.6206896551724138
noise,mosei,CMAD,1,v,,,0.1,,hard,hard,5,0.47500000000000003,1161,1161,1161,1160,0.6306504961411246,0.004410143329658278,0.015435501653803807,0.5603448275862069,0.5844827586206897,0.14913793103448275,0.36379310344827587,0.43189655172413793,0.6025862068965517
noise,mosei,CMAD,1,v,,,0.2,,selected,cross_mask,5,0.775,1161,1161,1161,1160,0.6306504961411246,0.05292171995589856,0.07717750826901881,0.5603448275862069,0.6008620689655172,0.1413793103448276,0.3336206896551724,0.38275862068965516,0.6206896551724138
noise,mosei,CMAD,1,v,,,0.2,,hard,hard,5,0.30000000000000004,1161,1161,1161,1160,0.6306504961411246,0.012127894156560126,-0.01433296582138921,0.5603448275862069,0.5922413793103448,0.13793103448275862,0.35,0.38275862068965516,0.5646551724137931
noise,mosei,CMAD,1,v,,,0.3,,selected,cross_mask,5,0.775,1161,1161,1161,1160,0.6306504961411246,0.05292171995589856,0.07717750826901881,0.5603448275862069,0.6008620689655172,0.1413793103448276,0.3336206896551724,0.38275862068965516,0.6206896551724138
noise,mosei,CMAD,1,v,,,0.3,,hard,hard,3,0.17500000000000002,1161,1161,1161,1160,0.6306504961411246,0.009922822491731043,-0.0011025358324144863,0.5603448275862069,0.5818965517241379,0.07931034482758621,0.3422413793103448,0.2482758620689655,0.5594827586206896
noise,mosei,CMAD,1,v,,,0.4,,selected,cross_mask,5,0.775,1161,1161,1161,1160,0.6306504961411246,0.05292171995589856,0.07717750826901881,0.5603448275862069,0.6008620689655172,0.1413793103448276,0.3336206896551724,0.38275862068965516,0.6206896551724138
noise,mosei,CMAD,1,v,,,0.4,,hard,hard,8,0.07500000000000001,1161,1161,1161,1160,0.6306504961411246,0.009922822491731043,0.009922822491731043,0.5603448275862069,0.5793103448275863,0.06379310344827586,0.35344827586206895,0.3267241379310345,0.5474137931034483
noise,mosei,CMAD,2,v,,,0.1,,selected,cross_mask,5,0.875,1161,1161,1161,1160,0.6385281385281385,0.037878787878787956,0.06818181818181823,0.5663793103448276,0.5956896551724138,0.06982758620689655,0.3396551724137931,0.2,0.6293103448275862
noise,mosei,CMAD,2,v,,,0.1,,hard,hard,5,0.45,1161,1161,1161,1160,0.6385281385281385,0.019480519480519543,0.012987012987012991,0.5663793103448276,0.6008620689655172,0.10689655172413794,0.3482758620689655,0.30775862068965515,0.5896551724137931
noise,mosei,CMAD,2,v,,,0.2,,selected,cross_mask,5,0.875,1161,1161,1161,1160,0.6385281385281385,0.037878787878787956,0.06818181818181823,0.5663793103448276,0.5956896551724138,0.06982758620689655,0.3396551724137931,0.2,0.6293103448275862
noise,mosei,CMAD,2,v,,,0.2,,hard,hard,35,0.525,1161,1161,1161,1160,0.6385281385281385,0.02164502164502169,0.018398268398268414,0.5663793103448276,0.6017241379310345,0.12931034482758622,0.325,0.47758620689655173,0.5793103448275863
noise,mosei,CMAD,2,v,,,0.3,,selected,cross_mask,5,0.875,1161,1161,1161,1160,0.6385281385281385,0.037878787878787956,0.06818181818181823,0.5663793103448276,0.5956896551724138,0.06982758620689655,0.3396551724137931,0.2,0.6293103448275862
noise,mosei,CMAD,2,v,,,0.3,,hard,hard,35,0.25,1161,1161,1161,1160,0.6385281385281385,0.0010822510822511289,-0.0010822510822510178,0.5663793103448276,0.5698275862068966,0.0896551724137931,0.24482758620689654,0.6655172413793103,0.5025862068965518
noise,mosei,CMAD,2,v,,,0.4,,selected,cross_mask,5,0.875,1161,1161,1161,1160,0.6385281385281385,0.037878787878787956,0.06818181818181823,0.5663793103448276,0.5956896551724138,0.06982758620689655,0.3396551724137931,0.2,0.6293103448275862
noise,mosei,CMAD,2,v,,,0.4,,hard,hard,8,0.07500000000000001,1161,1161,1161,1160,0.6385281385281385,-0.0021645021645021467,-0.005411255411255422,0.5663793103448276,0.5637931034482758,0.0,0.026724137931034484,0.05344827586206897,0.5327586206896552
noise,mosei,CMAD,3,v,,,0.1,,selected,cross_mask,3,0.8500000000000001,1161,1161,1161,1160,0.6266233766233766,0.04220779220779214,0.09848484848484851,0.5663793103448276,0.5939655172413794,0.08706896551724137,0.3422413793103448,0.26120689655172413,0.6413793103448275
noise,mosei,CMAD,3,v,,,0.1,,hard,hard,5,0.45,1161,1161,1161,1160,0.6266233766233766,0.023809523809523836,0.023809523809523836,0.5663793103448276,0.6025862068965517,0.14655172413793102,0.3422413793103448,0.43448275862068964,0.6163793103448276
noise,mosei,CMAD,3,v,,,0.2,,selected,cross_mask,3,0.8500000000000001,1161,1161,1161,1160,0.6266233766233766,0.04220779220779214,0.09848484848484851,0.5663793103448276,0.5939655172413794,0.08706896551724137,0.3422413793103448,0.26120689655172413,0.6413793103448275
noise,mosei,CMAD,3,v,,,0.2,,hard,hard,3,0.325,1161,1161,1161,1160,0.6266233766233766,0.0010822510822510178,0.011904761904761862,0.5663793103448276,0.571551724137931,0.07586206896551724,0.3793103448275862,0.22327586206896552,0.5810344827586207
noise,mosei,CMAD,3,v,,,0.3,,selected,cross_mask,3,0.8500000000000001,1161,1161,1161,1160,0.6266233766233766,0.04220779220779214,0.09848484848484851,0.5663793103448276,0.5939655172413794,0.08706896551724137,0.3422413793103448,0.26120689655172413,0.6413793103448275
noise,mosei,CMAD,3,v,,,0.3,,hard,hard,5,0.325,1161,1161,1161,1160,0.6266233766233766,0.009740259740259716,0.0043290043290042934,0.5663793103448276,0.5810344827586207,0.14655172413793102,0.35258620689655173,0.36724137931034484,0.5689655172413793
noise,mosei,CMAD,3,v,,,0.4,,selected,cross_mask,3,0.8500000000000001,1161,1161,1161,1160,0.6266233766233766,0.04220779220779214,0.09848484848484851,0.5663793103448276,0.5939655172413794,0.08706896551724137,0.3422413793103448,0.26120689655172413,0.6413793103448275
noise,mosei,CMAD,3,v,,,0.4,,hard,hard,20,0.0,1161,1161,1161,1160,0.6266233766233766,0.0,0.0,0.5663793103448276,0.5663793103448276,0.03879310344827586,0.3448275862068966,0.4060344827586207,0.5112068965517241
noise,mosei,CMAD,4,v,,,0.1,,selected,cross_mask,5,1.0,1161,1161,1161,1160,0.6182019977802442,0.03440621531631516,0.059933407325194143,0.5465517241379311,0.5724137931034483,0.09827586206896552,0.32155172413793104,0.27586206896551724,0.6068965517241379
noise,mosei,CMAD,4,v,,,0.1,,hard,hard,8,0.47500000000000003,1161,1161,1161,1160,0.6182019977802442,0.0033296337402884957,-0.007769145394006638,0.5465517241379311,0.5784482758620689,0.15775862068965518,0.33706896551724136,0.4543103448275862,0.5991379310344828
noise,mosei,CMAD,4,v,,,0.2,,selected,cross_mask,5,1.0,1161,1161,1161,1160,0.6182019977802442,0.03440621531631516,0.059933407325194143,0.5465517241379311,0.5724137931034483,0.09827586206896552,0.32155172413793104,0.27586206896551724,0.6068965517241379
noise,mosei,CMAD,4,v,,,0.2,,hard,hard,20,0.45,1161,1161,1161,1160,0.6182019977802442,0.005549389567147567,-0.004439511653718142,0.5465517241379311,0.5672413793103448,0.11637931034482758,0.3112068965517241,0.3267241379310345,0.5732758620689655
noise,mosei,CMAD,4,v,,,0.3,,selected,cross_mask,5,1.0,1161,1161,1161,1160,0.6182019977802442,0.03440621531631516,0.059933407325194143,0.5465517241379311,0.5724137931034483,0.09827586206896552,0.32155172413793104,0.27586206896551724,0.6068965517241379
noise,mosei,CMAD,4,v,,,0.3,,hard,hard,35,0.375,1161,1161,1161,1160,0.6182019977802442,-0.008879023307436174,-0.002219755826859071,0.5465517241379311,0.5560344827586207,0.08189655172413793,0.24741379310344827,0.19827586206896552,0.5543103448275862
noise,mosei,CMAD,4,v,,,0.4,,selected,cross_mask,5,1.0,1161,1161,1161,1160,0.6182019977802442,0.03440621531631516,0.059933407325194143,0.5465517241379311,0.5724137931034483,0.09827586206896552,0.32155172413793104,0.27586206896551724,0.6068965517241379
noise,mosei,CMAD,4,v,,,0.4,,hard,hard,3,0.0,1161,1161,1161,1160,0.6182019977802442,0.0,0.0,0.5465517241379311,0.5465517241379311,0.0,0.0,1.0,0.49051724137931035
noise,mosei,CMAD,0,av,,,0.1,,selected,cross_mask,8,1.0,1161,1161,1161,1160,0.6473214285714286,0.0546875,0.078125,0.5836206896551724,0.6129310344827587,0.16982758620689656,0.3913793103448276,0.5456896551724137,0.6241379310344828
noise,mosei,CMAD,0,av,,,0.1,,hard,hard,5,0.47500000000000003,1161,1161,1161,1160,0.6473214285714286,0.029017857142857095,0.033482142857142794,0.5836206896551724,0.6206896551724138,0.1060344827586207,0.3232758620689655,0.36637931034482757,0.6448275862068965
noise,mosei,CMAD,0,av,,,0.2,,selected,cross_mask,8,1.0,1161,1161,1161,1160,0.6473214285714286,0.0546875,0.078125,0.5836206896551724,0.6129310344827587,0.16982758620689656,0.3913793103448276,0.5456896551724137,0.6241379310344828
noise,mosei,CMAD,0,av,,,0.2,,hard,hard,5,0.4,1161,1161,1161,1160,0.6473214285714286,0.011160714285714302,-0.030133928571428603,0.5836206896551724,0.6155172413793103,0.13017241379310346,0.35517241379310344,0.4077586206896552,0.593103448275862
noise,mosei,CMAD,0,av,,,0.3,,selected,cross_mask,8,1.0,1161,1161,1161,1160,0.6473214285714286,0.0546875,0.078125,0.5836206896551724,0.6129310344827587,0.16982758620689656,0.3913793103448276,0.5456896551724137,0.6241379310344828
noise,mosei,CMAD,0,av,,,0.3,,hard,hard,35,0.45,1161,1161,1161,1160,0.6473214285714286,0.0267857142857143,0.0234375,0.5836206896551724,0.6258620689655172,0.10775862068965517,0.32241379310344825,0.41293103448275864,0.5853448275862069
noise,mosei,CMAD,0,av,,,0.4,,selected,cross_mask,8,1.0,1161,1161,1161,1160,0.6473214285714286,0.0546875,0.078125,0.5836206896551724,0.6129310344827587,0.16982758620689656,0.3913793103448276,0.5456896551724137,0.6241379310344828
noise,mosei,CMAD,0,av,,,0.4,,hard,hard,35,0.25,1161,1161,1161,1160,0.6473214285714286,0.0022321428571427937,0.012276785714285698,0.5836206896551724,0.5879310344827586,0.0353448275862069,0.1879310344827586,0.08103448275862069,0.5637931034482758
noise,mosei,CMAD,1,av,,,0.1,,selected,cross_mask,8,1.0,1161,1161,1161,1160,0.6427783902976847,0.06063947078280041,0.08158765159867698,0.575,0.6198275862068966,0.09137931034482759,0.33448275862068966,0.2810344827586207,0.6396551724137931
noise,mosei,CMAD,1,av,,,0.1,,hard,hard,5,0.55,1161,1161,1161,1160,0.6427783902976847,0.018743109151047377,0.004410143329658167,0.575,0.6112068965517241,0.0853448275862069,0.3439655172413793,0.30603448275862066,0.6198275862068966
noise,mosei,CMAD,1,av,,,0.2,,selected,cross_mask,8,1.0,1161,1161,1161,1160,0.6427783902976847,0.06063947078280041,0.08158765159867698,0.575,0.6198275862068966,0.09137931034482759,0.33448275862068966,0.2810344827586207,0.6396551724137931
noise,mosei,CMAD,1,av,,,0.2,,hard,hard,3,0.35000000000000003,1161,1161,1161,1160,0.6427783902976847,0.018743109151047377,0.0,0.575,0.6137931034482759,0.0853448275862069,0.3586206896551724,0.2974137931034483,0.6043103448275862
noise,mosei,CMAD,1,av,,,0.3,,selected,cross_mask,8,1.0,1161,1161,1161,1160,0.6427783902976847,0.06063947078280041,0.08158765159867698,0.575,0.6198275862068966,0.09137931034482759,0.33448275862068966,0.2810344827586207,0.6396551724137931
noise,mosei,CMAD,1,av,,,0.3,,hard,hard,12,0.35000000000000003,1161,1161,1161,1160,0.6427783902976847,0.023153252480705655,0.030871003307607503,0.575,0.5948275862068966,0.1,0.30086206896551726,0.2767241379310345,0.5948275862068966
noise,mosei,CMAD,1,av,,,0.4,,selected,cross_mask,8,1.0,1161,1161,1161,1160,0.6427783902976847,0.06063947078280041,0.08158765159867698,0.575,0.6198275862068966,0.09137931034482759,0.33448275862068966,0.2810344827586207,0.6396551724137931
noise,mosei,CMAD,1,av,,,0.4,,hard,hard,12,0.1,1161,1161,1161,1160,0.6427783902976847,0.007717750826901848,0.007717750826901848,0.575,0.5870689655172414,0.03620689655172414,0.04655172413793104,0.5758620689655173,0.5560344827586207
noise,mosei,CMAD,2,av,,,0.1,,selected,cross_mask,3,0.775,1161,1161,1161,1160,0.6515151515151515,0.04329004329004327,0.08549783549783552,0.5862068965517241,0.6198275862068966,0.07413793103448275,0.34051724137931033,0.25689655172413794,0.6456896551724138
noise,mosei,CMAD,2,av,,,0.1,,hard,hard,12,0.6000000000000001,1161,1161,1161,1160,0.6515151515151515,0.017316017316017285,0.032467532467532534,0.5862068965517241,0.618103448275862,0.08879310344827586,0.3439655172413793,0.3129310344827586,0.6405172413793103
noise,mosei,CMAD,2,av,,,0.2,,selected,cross_mask,3,0.775,1161,1161,1161,1160,0.6515151515151515,0.04329004329004327,0.08549783549783552,0.5862068965517241,0.6198275862068966,0.07413793103448275,0.34051724137931033,0.25689655172413794,0.6456896551724138
noise,mosei,CMAD,2,av,,,0.2,,hard,hard,20,0.375,1161,1161,1161,1160,0.6515151515151515,0.02056277056277056,0.007575757575757569,0.5862068965517241,0.6025862068965517,0.06206896551724138,0.30258620689655175,0.2,0.6008620689655172
noise,mosei,CMAD,2,av,,,0.3,,selected,cross_mask,3,0.775,1161,1161,1161,1160,0.6515151515151515,0.04329004329004327,0.08549783549783552,0.5862068965517241,0.6198275862068966,0.07413793103448275,0.34051724137931033,0.25689655172413794,0.6456896551724138
noise,mosei,CMAD,2,av,,,0.3,,hard,hard,5,0.375,1161,1161,1161,1160,0.6515151515151515,0.0032467532467532756,-0.024891774891774854,0.5862068965517241,0.6043103448275862,0.12844827586206897,0.3810344827586207,0.3612068965517241,0.5439655172413793
noise,mosei,CMAD,2,av,,,0.4,,selected,cross_mask,3,0.775,1161,1161,1161,1160,0.6515151515151515,0.04329004329004327,0.08549783549783552,0.5862068965517241,0.6198275862068966,0.07413793103448275,0.34051724137931033,0.25689655172413794,0.6456896551724138
noise,mosei,CMAD,2,av,,,0.4,,hard,hard,50,0.025,1161,1161,1161,1160,0.6515151515151515,-0.0010822510822510178,-0.005411255411255422,0.5862068965517241,0.5853448275862069,0.0,0.0,0.013793103448275862,0.5094827586206897
noise,mosei,CMAD,3,av,,,0.1,,selected,cross_mask,5,1.0,1161,1161,1161,1160,0.6255411255411255,0.09848484848484851,0.09740259740259738,0.5724137931034483,0.6439655172413793,0.15689655172413794,0.3594827586206897,0.45517241379310347,0.646551724137931
noise,mosei,CMAD,3,av,,,0.1,,hard,hard,5,0.525,1161,1161,1161,1160,0.6255411255411255,0.02813852813852813,0.031385281385281405,0.5724137931034483,0.6051724137931035,0.1310344827586207,0.3543103448275862,0.38275862068965516,0.6103448275862069
noise,mosei,CMAD,3,av,,,0.2,,selected,cross_mask,5,1.0,1161,1161,1161,1160,0.6255411255411255,0.09848484848484851,0.09740259740259738,0.5724137931034483,0.6439655172413793,0.15689655172413794,0.3594827586206897,0.45517241379310347,0.646551724137931
noise,mosei,CMAD,3,av,,,0.2,,hard,hard,8,0.525,1161,1161,1161,1160,0.6255411255411255,0.03463203463203468,-0.0010822510822510178,0.5724137931034483,0.6043103448275862,0.09827586206896552,0.3767241379310345,0.2706896551724138,0.5896551724137931
noise,mosei,CMAD,3,av,,,0.3,,selected,cross_mask,5,1.0,1161,1161,1161,1160,0.6255411255411255,0.09848484848484851,0.09740259740259738,0.5724137931034483,0.6439655172413793,0.15689655172413794,0.3594827586206897,0.45517241379310347,0.646551724137931
noise,mosei,CMAD,3,av,,,0.3,,hard,hard,8,0.375,1161,1161,1161,1160,0.6255411255411255,0.011904761904761973,0.006493506493506551,0.5724137931034483,0.5853448275862069,0.10775862068965517,0.34655172413793106,0.3086206896551724,0.5663793103448276
noise,mosei,CMAD,3,av,,,0.4,,selected,cross_mask,5,1.0,1161,1161,1161,1160,0.6255411255411255,0.09848484848484851,0.09740259740259738,0.5724137931034483,0.6439655172413793,0.15689655172413794,0.3594827586206897,0.45517241379310347,0.646551724137931
noise,mosei,CMAD,3,av,,,0.4,,hard,hard,3,0.15000000000000002,1161,1161,1161,1160,0.6255411255411255,-0.0032467532467531646,-0.009740259740259716,0.5724137931034483,0.571551724137931,0.06465517241379311,0.3112068965517241,0.16551724137931034,0.5456896551724137
noise,mosei,CMAD,4,av,,,0.1,,selected,cross_mask,5,1.0,1161,1161,1161,1160,0.6281908990011099,0.031076581576026552,0.06770255271920089,0.5672413793103448,0.5853448275862069,0.09827586206896552,0.30775862068965515,0.3275862068965517,0.6267241379310344
noise,mosei,CMAD,4,av,,,0.1,,hard,hard,8,0.675,1161,1161,1161,1160,0.6281908990011099,0.011098779134295245,0.031076581576026552,0.5672413793103448,0.5939655172413794,0.11379310344827587,0.35,0.35344827586206895,0.6275862068965518
noise,mosei,CMAD,4,av,,,0.2,,selected,cross_mask,5,1.0,1161,1161,1161,1160,0.6281908990011099,0.031076581576026552,0.06770255271920089,0.5672413793103448,0.5853448275862069,0.09827586206896552,0.30775862068965515,0.3275862068965517,0.6267241379310344
noise,mosei,CMAD,4,av,,,0.2,,hard,hard,35,0.875,1161,1161,1161,1160,0.6281908990011099,0.009988901220865709,-0.037735849056603765,0.5672413793103448,0.5879310344827586,0.12241379310344827,0.4103448275862069,0.28879310344827586,0.5655172413793104
noise,mosei,CMAD,4,av,,,0.3,,selected,cross_mask,5,1.0,1161,1161,1161,1160,0.6281908990011099,0.031076581576026552,0.06770255271920089,0.5672413793103448,0.5853448275862069,0.09827586206896552,0.30775862068965515,0.3275862068965517,0.6267241379310344
noise,mosei,CMAD,4,av,,,0.3,,hard,hard,35,0.35000000000000003,1161,1161,1161,1160,0.6281908990011099,-0.004439511653718142,-0.004439511653718142,0.5672413793103448,0.5681034482758621,0.10862068965517241,0.2508620689655172,0.46293103448275863,0.5612068965517242
noise,mosei,CMAD,4,av,,,0.4,,selected,cross_mask,5,1.0,1161,1161,1161,1160,0.6281908990011099,0.031076581576026552,0.06770255271920089,0.5672413793103448,0.5853448275862069,0.09827586206896552,0.30775862068965515,0.3275862068965517,0.6267241379310344
noise,mosei,CMAD,4,av,,,0.4,,hard,hard,5,0.07500000000000001,1161,1161,1161,1160,0.6281908990011099,0.00221975582685896,-0.017758046614872347,0.5672413793103448,0.5698275862068966,0.00603448275862069,0.3775862068965517,0.01810344827586207,0.5241379310344828
noise,mosei,TMDC,0,a,,,0.1,,selected,cross_mask,20,0.30000000000000004,1165,1165,1165,1164,0.7452934662236987,0.0033222591362126463,0.005537098560354448,0.6469072164948454,0.6494845360824743,0.037800687285223365,0.218213058419244,0.14261168384879724,0.6116838487972509
noise,mosei,TMDC,0,a,,,0.1,,hard,hard,35,0.17500000000000002,1165,1165,1165,1164,0.7452934662236987,0.0,-0.007751937984496138,0.6469072164948454,0.6460481099656358,0.023195876288659795,0.09621993127147767,0.14261168384879724,0.6056701030927835
noise,mosei,TMDC,0,a,,,0.2,,selected,hard,8,0.325,1165,1165,1165,1164,0.7452934662236987,0.0033222591362126463,-0.015503875968992165,0.6469072164948454,0.6554982817869416,0.09106529209621993,0.32560137457044674,0.313573883161512,0.6194158075601375
noise,mosei,TMDC,0,a,,,0.2,,hard,hard,8,0.325,1165,1165,1165,1164,0.7452934662236987,0.0033222591362126463,-0.015503875968992165,0.6469072164948454,0.6554982817869416,0.09106529209621993,0.32560137457044674,0.313573883161512,0.6194158075601375
noise,mosei,TMDC,0,a,,,0.3,,selected,cross_mask,20,0.30000000000000004,1165,1165,1165,1164,0.7452934662236987,0.0033222591362126463,0.005537098560354448,0.6469072164948454,0.6494845360824743,0.037800687285223365,0.218213058419244,0.14261168384879724,0.6116838487972509
noise,mosei,TMDC,0,a,,,0.3,,hard,hard,8,0.15000000000000002,1165,1165,1165,1164,0.7452934662236987,-0.0033222591362125353,-0.009966777408637828,0.6469072164948454,0.6451890034364262,0.03436426116838488,0.19759450171821305,0.12199312714776632,0.5627147766323024
noise,mosei,TMDC,0,a,,,0.4,,selected,hard,5,0.05,1165,1165,1165,1164,0.7452934662236987,-0.0033222591362125353,-0.0044296788482834915,0.6469072164948454,0.6443298969072165,0.02147766323024055,0.5137457044673539,0.08247422680412371,0.5420962199312714
noise,mosei,TMDC,0,a,,,0.4,,hard,hard,5,0.05,1165,1165,1165,1164,0.7452934662236987,-0.0033222591362125353,-0.0044296788482834915,0.6469072164948454,0.6443298969072165,0.02147766323024055,0.5137457044673539,0.08247422680412371,0.5420962199312714
noise,mosei,TMDC,1,a,,,0.1,,selected,hard,12,0.275,1165,1165,1165,1164,0.7022900763358778,0.0021810250817885235,-0.004362050163576825,0.6211340206185567,0.6305841924398625,0.08848797250859107,0.24140893470790378,0.2757731958762887,0.6486254295532646
noise,mosei,TMDC,1,a,,,0.1,,hard,hard,12,0.275,1165,1165,1165,1164,0.7022900763358778,0.0021810250817885235,-0.004362050163576825,0.6211340206185567,0.6305841924398625,0.08848797250859107,0.24140893470790378,0.2757731958762887,0.6486254295532646
noise,mosei,TMDC,1,a,,,0.2,,selected,cross_mask,3,0.4,1165,1165,1165,1164,0.7022900763358778,0.0010905125408943173,0.02399127589967287,0.6211340206185567,0.6211340206185567,0.08161512027491409,0.32646048109965636,0.27319587628865977,0.615979381443299
noise,mosei,TMDC,1,a,,,0.2,,hard,hard,35,0.05,1165,1165,1165,1164,0.7022900763358778,0.0,-0.0010905125408942062,0.6211340206185567,0.6211340206185567,0.0,0.0,0.048109965635738834,0.5859106529209622
noise,mosei,TMDC,1,a,,,0.3,,selected,cross_mask,3,0.4,1165,1165,1165,1164,0.7022900763358778,0.0010905125408943173,0.02399127589967287,0.6211340206185567,0.6211340206185567,0.08161512027491409,0.32646048109965636,0.27319587628865977,0.615979381443299
noise,mosei,TMDC,1,a,,,0.3,,hard,hard,35,0.05,1165,1165,1165,1164,0.7022900763358778,0.0,0.0032715376226827297,0.6211340206185567,0.6211340206185567,0.0,0.5292096219931272,0.000859106529209622,0.5798969072164949
noise,mosei,TMDC,1,a,,,0.4,,selected,cross_mask,3,0.4,1165,1165,1165,1164,0.7022900763358778,0.0010905125408943173,0.02399127589967287,0.6211340206185567,0.6211340206185567,0.08161512027491409,0.32646048109965636,0.27319587628865977,0.615979381443299
noise,mosei,TMDC,1,a,,,0.4,,hard,hard,3,0.0,1165,1165,1165,1164,0.7022900763358778,0.0,0.0,0.6211340206185567,0.6211340206185567,0.0,0.0,1.0,0.5017182130584192
noise,mosei,TMDC,2,a,,,0.1,,selected,cross_mask,3,0.45,1165,1165,1165,1164,0.7787709497206704,0.012290502793296132,-0.004469273743016755,0.6743986254295533,0.6881443298969072,0.0781786941580756,0.3470790378006873,0.33075601374570446,0.634020618556701
noise,mosei,TMDC,2,a,,,0.1,,hard,hard,50,0.30000000000000004,1165,1165,1165,1164,0.7787709497206704,-0.006703910614525133,-0.00893854748603351,0.6743986254295533,0.6726804123711341,0.0661512027491409,0.23969072164948454,0.1323024054982818,0.6099656357388317
noise,mosei,TMDC,2,a,,,0.2,,selected,hard,5,0.4,1165,1165,1165,1164,0.7787709497206704,-0.025698324022346397,-0.04469273743016766,0.6743986254295533,0.6786941580756014,0.14175257731958762,0.35738831615120276,0.43900343642611683,0.6194158075601375
noise,mosei,TMDC,2,a,,,0.2,,hard,hard,5,0.4,1165,1165,1165,1164,0.7787709497206704,-0.025698324022346397,-0.04469273743016766,0.6743986254295533,0.6786941580756014,0.14175257731958762,0.35738831615120276,0.43900343642611683,0.6194158075601375
noise,mosei,TMDC,2,a,,,0.3,,selected,cross_mask,3,0.45,1165,1165,1165,1164,0.7787709497206704,0.012290502793296132,-0.004469273743016755,0.6743986254295533,0.6881443298969072,0.0781786941580756,0.3470790378006873,0.33075601374570446,0.634020618556701
noise,mosei,TMDC,2,a,,,0.3,,hard,hard,35,0.225,1165,1165,1165,1164,0.7787709497206704,0.0,-0.004469273743016755,0.6743986254295533,0.6752577319587629,0.01804123711340206,0.1950171821305842,0.1013745704467354,0.5798969072164949
noise,mosei,TMDC,2,a,,,0.4,,selected,cross_mask,3,0.45,1165,1165,1165,1164,0.7787709497206704,0.012290502793296132,-0.004469273743016755,0.6743986254295533,0.6881443298969072,0.0781786941580756,0.3470790378006873,0.33075601374570446,0.634020618556701
noise,mosei,TMDC,2,a,,,0.4,,hard,hard,3,0.0,1165,1165,1165,1164,0.7787709497206704,0.0,0.0,0.6743986254295533,0.6743986254295533,0.0,0.0,1.0,0.49312714776632305
noise,mosei,TMDC,3,a,,,0.1,,selected,cross_mask,8,0.275,1165,1165,1165,1164,0.7185761957730812,0.008898776418242549,0.012235817575083408,0.6280068728522337,0.634020618556701,0.013745704467353952,0.4587628865979381,0.0506872852233677,0.5996563573883161
noise,mosei,TMDC,3,a,,,0.1,,hard,hard,50,0.025,1165,1165,1165,1164,0.7185761957730812,0.0,-0.0011123470522802492,0.6280068728522337,0.6280068728522337,0.0,0.0,0.12199312714776632,0.5764604810996563
noise,mosei,TMDC,3,a,,,0.2,,selected,cross_mask,8,0.275,1165,1165,1165,1164,0.7185761957730812,0.008898776418242549,0.012235817575083408,0.6280068728522337,0.634020618556701,0.013745704467353952,0.4587628865979381,0.0506872852233677,0.5996563573883161
noise,mosei,TMDC,3,a,,,0.2,,hard,hard,5,0.0,1165,1165,1165,1164,0.7185761957730812,0.0,0.0,0.6280068728522337,0.6280068728522337,0.0,0.0,1.0,0.5695876288659794
noise,mosei,TMDC,3,a,,,0.3,,selected,cross_mask,8,0.275,1165,1165,1165,1164,0.7185761957730812,0.008898776418242549,0.012235817575083408,0.6280068728522337,0.634020618556701,0.013745704467353952,0.4587628865979381,0.0506872852233677,0.5996563573883161
noise,mosei,TMDC,3,a,,,0.3,,hard,hard,3,0.0,1165,1165,1165,1164,0.7185761957730812,0.0,0.0,0.6280068728522337,0.6280068728522337,0.0,0.0,1.0,0.5644329896907216
noise,mosei,TMDC,3,a,,,0.4,,selected,cross_mask,8,0.275,1165,1165,1165,1164,0.7185761957730812,0.008898776418242549,0.012235817575083408,0.6280068728522337,0.634020618556701,0.013745704467353952,0.4587628865979381,0.0506872852233677,0.5996563573883161
noise,mosei,TMDC,3,a,,,0.4,,hard,hard,3,0.0,1165,1165,1165,1164,0.7185761957730812,0.0,0.0,0.6280068728522337,0.6280068728522337,0.0,0.0,1.0,0.5446735395189003
noise,mosei,TMDC,4,a,,,0.1,,selected,cross_mask,8,0.25,1165,1165,1165,1164,0.7312430011198209,-0.0011198208286674616,-0.013437849944008984,0.6297250859106529,0.6288659793814433,0.09707903780068729,0.23883161512027493,0.33676975945017185,0.5867697594501718
noise,mosei,TMDC,4,a,,,0.1,,hard,hard,50,0.025,1165,1165,1165,1164,0.7312430011198209,0.0,-0.0011198208286674616,0.6297250859106529,0.6297250859106529,0.0,0.0,0.11683848797250859,0.584192439862543
noise,mosei,TMDC,4,a,,,0.2,,selected,cross_mask,8,0.25,1165,1165,1165,1164,0.7312430011198209,-0.0011198208286674616,-0.013437849944008984,0.6297250859106529,0.6288659793814433,0.09707903780068729,0.23883161512027493,0.33676975945017185,0.5867697594501718
noise,mosei,TMDC,4,a,,,0.2,,hard,hard,35,0.15000000000000002,1165,1165,1165,1164,0.7312430011198209,-0.0011198208286674616,-0.0033594624860022737,0.6297250859106529,0.6288659793814433,0.011168384879725086,0.07731958762886598,0.09020618556701031,0.5790378006872853
noise,mosei,TMDC,4,a,,,0.3,,selected,cross_mask,8,0.25,1165,1165,1165,1164,0.7312430011198209,-0.0011198208286674616,-0.013437849944008984,0.6297250859106529,0.6288659793814433,0.09707903780068729,0.23883161512027493,0.33676975945017185,0.5867697594501718
noise,mosei,TMDC,4,a,,,0.3,,hard,hard,35,0.1,1165,1165,1165,1164,0.7312430011198209,-0.002239641657334923,-0.002239641657334923,0.6297250859106529,0.6262886597938144,0.002577319587628866,0.010309278350515464,0.2190721649484536,0.5764604810996563
noise,mosei,TMDC,4,a,,,0.4,,selected,cross_mask,8,0.25,1165,1165,1165,1164,0.7312430011198209,-0.0011198208286674616,-0.013437849944008984,0.6297250859106529,0.6288659793814433,0.09707903780068729,0.23883161512027493,0.33676975945017185,0.5867697594501718
noise,mosei,TMDC,4,a,,,0.4,,hard,hard,5,0.025,1165,1165,1165,1164,0.7312430011198209,0.0,0.0,0.6297250859106529,0.6297250859106529,0.0,0.0,0.11426116838487972,0.5128865979381443
noise,mosei,TMDC,0,v,,,0.1,,selected,cross_mask,5,0.5750000000000001,1165,1165,1165,1164,0.6821705426356589,0.029900332225913595,0.03543743078626804,0.6262886597938144,0.6486254295532646,0.16151202749140894,0.37800687285223367,0.5455326460481099,0.6529209621993127
noise,mosei,TMDC,0,v,,,0.1,,hard,hard,3,0.375,1165,1165,1165,1164,0.6821705426356589,-0.0055370985603543366,-0.02657807308970095,0.6262886597938144,0.6262886597938144,0.12199312714776632,0.34621993127147765,0.4175257731958763,0.6194158075601375
noise,mosei,TMDC,0,v,,,0.2,,selected,cross_mask,5,0.5750000000000001,1165,1165,1165,1164,0.6821705426356589,0.029900332225913595,0.03543743078626804,0.6262886597938144,0.6486254295532646,0.16151202749140894,0.37800687285223367,0.5455326460481099,0.6529209621993127
noise,mosei,TMDC,0,v,,,0.2,,hard,hard,12,0.35000000000000003,1165,1165,1165,1164,0.6821705426356589,0.001107419712070845,-0.01439645625692132,0.6262886597938144,0.6323024054982818,0.054982817869415807,0.3848797250859107,0.25773195876288657,0.6082474226804123
noise,mosei,TMDC,0,v,,,0.3,,selected,cross_mask,5,0.5750000000000001,1165,1165,1165,1164,0.6821705426356589,0.029900332225913595,0.03543743078626804,0.6262886597938144,0.6486254295532646,0.16151202749140894,0.37800687285223367,0.5455326460481099,0.6529209621993127
noise,mosei,TMDC,0,v,,,0.3,,hard,hard,8,0.125,1165,1165,1165,1164,0.6821705426356589,-0.001107419712070845,-0.001107419712070845,0.6262886597938144,0.6288659793814433,0.12800687285223367,0.5060137457044673,0.4484536082474227,0.5790378006872853
noise,mosei,TMDC,0,v,,,0.4,,selected,cross_mask,5,0.5750000000000001,1165,1165,1165,1164,0.6821705426356589,0.029900332225913595,0.03543743078626804,0.6262886597938144,0.6486254295532646,0.16151202749140894,0.37800687285223367,0.5455326460481099,0.6529209621993127
noise,mosei,TMDC,0,v,,,0.4,,hard,hard,8,0.15000000000000002,1165,1165,1165,1164,0.6821705426356589,-0.01439645625692132,-0.01439645625692132,0.6262886597938144,0.6262886597938144,0.11082474226804123,0.5120274914089347,0.3290378006872852,0.5412371134020618
noise,mosei,TMDC,1,v,,,0.1,,selected,cross_mask,8,0.65,1165,1165,1165,1164,0.6564885496183206,0.04580152671755722,0.058887677208287914,0.6142611683848798,0.6494845360824743,0.13487972508591065,0.3943298969072165,0.4166666666666667,0.6486254295532646
noise,mosei,TMDC,1,v,,,0.1,,hard,hard,3,0.375,1165,1165,1165,1164,0.6564885496183206,0.021810250817884458,0.02726281352235549,0.6142611683848798,0.6400343642611683,0.1640893470790378,0.3479381443298969,0.5214776632302406,0.6348797250859106
noise,mosei,TMDC,1,v,,,0.2,,selected,cross_mask,8,0.65,1165,1165,1165,1164,0.6564885496183206,0.04580152671755722,0.058887677208287914,0.6142611683848798,0.6494845360824743,0.13487972508591065,0.3943298969072165,0.4166666666666667,0.6486254295532646
noise,mosei,TMDC,1,v,,,0.2,,hard,hard,8,0.45,1165,1165,1165,1164,0.6564885496183206,0.016357688113413316,0.021810250817884458,0.6142611683848798,0.6494845360824743,0.12972508591065293,0.3599656357388316,0.41924398625429554,0.6237113402061856
noise,mosei,TMDC,1,v,,,0.3,,selected,cross_mask,8,0.65,1165,1165,1165,1164,0.6564885496183206,0.04580152671755722,0.058887677208287914,0.6142611683848798,0.6494845360824743,0.13487972508591065,0.3943298969072165,0.4166666666666667,0.6486254295532646
noise,mosei,TMDC,1,v,,,0.3,,hard,hard,50,0.47500000000000003,1165,1165,1165,1164,0.6564885496183206,-0.0010905125408942062,-0.0010905125408942062,0.6142611683848798,0.6348797250859106,0.1323024054982818,0.44587628865979384,0.43556701030927836,0.5807560137457045
noise,mosei,TMDC,1,v,,,0.4,,selected,cross_mask,8,0.65,1165,1165,1165,1164,0.6564885496183206,0.04580152671755722,0.058887677208287914,0.6142611683848798,0.6494845360824743,0.13487972508591065,0.3943298969072165,0.4166666666666667,0.6486254295532646
noise,mosei,TMDC,1,v,,,0.4,,hard,hard,3,0.0,1165,1165,1165,1164,0.6564885496183206,0.0,0.0,0.6142611683848798,0.6142611683848798,0.054982817869415807,0.4948453608247423,0.3324742268041237,0.5154639175257731
noise,mosei,TMDC,2,v,,,0.1,,selected,cross_mask,5,0.675,1165,1165,1165,1164,0.7027932960893855,0.05698324022346368,0.05698324022346368,0.6365979381443299,0.6786941580756014,0.12886597938144329,0.3848797250859107,0.39948453608247425,0.6743986254295533
noise,mosei,TMDC,2,v,,,0.1,,hard,hard,5,0.525,1165,1165,1165,1164,0.7027932960893855,0.018994413407821265,0.0,0.6365979381443299,0.6649484536082474,0.09707903780068729,0.3788659793814433,0.3333333333333333,0.6426116838487973
noise,mosei,TMDC,2,v,,,0.2,,selected,cross_mask,5,0.675,1165,1165,1165,1164,0.7027932960893855,0.05698324022346368,0.05698324022346368,0.6365979381443299,0.6786941580756014,0.12886597938144329,0.3848797250859107,0.39948453608247425,0.6743986254295533
noise,mosei,TMDC,2,v,,,0.2,,hard,hard,8,0.525,1165,1165,1165,1164,0.7027932960893855,-0.006703910614525133,-0.02346368715083802,0.6365979381443299,0.654639175257732,0.11426116838487972,0.4372852233676976,0.327319587628866,0.6116838487972509
noise,mosei,TMDC,2,v,,,0.3,,selected,cross_mask,5,0.675,1165,1165,1165,1164,0.7027932960893855,0.05698324022346368,0.05698324022346368,0.6365979381443299,0.6786941580756014,0.12886597938144329,0.3848797250859107,0.39948453608247425,0.6743986254295533
noise,mosei,TMDC,2,v,,,0.3,,hard,hard,3,0.4,1165,1165,1165,1164,0.7027932960893855,0.004469273743016755,-0.012290502793296021,0.6365979381443299,0.6426116838487973,0.0781786941580756,0.40378006872852235,0.23367697594501718,0.5781786941580757
noise,mosei,TMDC,2,v,,,0.4,,selected,cross_mask,5,0.675,1165,1165,1165,1164,0.7027932960893855,0.05698324022346368,0.05698324022346368,0.6365979381443299,0.6786941580756014,0.12886597938144329,0.3848797250859107,0.39948453608247425,0.6743986254295533
noise,mosei,TMDC,2,v,,,0.4,,hard,hard,50,0.325,1165,1165,1165,1164,0.7027932960893855,-0.0022346368715083775,-0.0022346368715083775,0.6365979381443299,0.6374570446735395,0.08676975945017182,0.42955326460481097,0.5137457044673539,0.5420962199312714
noise,mosei,TMDC,3,v,,,0.1,,selected,cross_mask,5,0.625,1165,1165,1165,1164,0.657397107897664,0.07563959955506117,0.07563959955506117,0.6108247422680413,0.6709621993127147,0.13917525773195877,0.38917525773195877,0.4475945017182131,0.6649484536082474
noise,mosei,TMDC,3,v,,,0.1,,hard,hard,5,0.4,1165,1165,1165,1164,0.657397107897664,0.005561735261401579,0.0,0.6108247422680413,0.6288659793814433,0.12457044673539519,0.3487972508591065,0.3694158075601375,0.6168384879725086
noise,mosei,TMDC,3,v,,,0.2,,selected,cross_mask,5,0.625,1165,1165,1165,1164,0.657397107897664,0.07563959955506117,0.07563959955506117,0.6108247422680413,0.6709621993127147,0.13917525773195877,0.38917525773195877,0.4475945017182131,0.6649484536082474
noise,mosei,TMDC,3,v,,,0.2,,hard,hard,12,0.4,1165,1165,1165,1164,0.657397107897664,0.008898776418242549,0.00444938820912133,0.6108247422680413,0.6365979381443299,0.14175257731958762,0.37714776632302405,0.4261168384879725,0.6065292096219931
noise,mosei,TMDC,3,v,,,0.3,,selected,cross_mask,5,0.625,1165,1165,1165,1164,0.657397107897664,0.07563959955506117,0.07563959955506117,0.6108247422680413,0.6709621993127147,0.13917525773195877,0.38917525773195877,0.4475945017182131,0.6649484536082474
noise,mosei,TMDC,3,v,,,0.3,,hard,hard,12,0.225,1165,1165,1165,1164,0.657397107897664,0.007786429365962189,0.008898776418242549,0.6108247422680413,0.6245704467353952,0.11426116838487972,0.4836769759450172,0.35223367697594504,0.552405498281787
noise,mosei,TMDC,3,v,,,0.4,,selected,cross_mask,5,0.625,1165,1165,1165,1164,0.657397107897664,0.07563959955506117,0.07563959955506117,0.6108247422680413,0.6709621993127147,0.13917525773195877,0.38917525773195877,0.4475945017182131,0.6649484536082474
noise,mosei,TMDC,3,v,,,0.4,,hard,hard,5,0.15000000000000002,1165,1165,1165,1164,0.657397107897664,-0.0011123470522802492,-0.0011123470522802492,0.6108247422680413,0.6134020618556701,0.14518900343642613,0.5103092783505154,0.4054982817869416,0.5274914089347079
noise,mosei,TMDC,4,v,,,0.1,,selected,cross_mask,12,0.6000000000000001,1165,1165,1165,1164,0.6539753639417694,0.04143337066069419,0.043673012318029114,0.595360824742268,0.6194158075601375,0.12714776632302405,0.4802405498281787,0.39690721649484534,0.6151202749140894
noise,mosei,TMDC,4,v,,,0.1,,hard,hard,8,0.45,1165,1165,1165,1164,0.6539753639417694,0.012318029115341522,0.005599104143336975,0.595360824742268,0.6073883161512027,0.12371134020618557,0.35652920962199314,0.3651202749140893,0.6151202749140894
noise,mosei,TMDC,4,v,,,0.2,,selected,cross_mask,12,0.6000000000000001,1165,1165,1165,1164,0.6539753639417694,0.04143337066069419,0.043673012318029114,0.595360824742268,0.6194158075601375,0.12714776632302405,0.4802405498281787,0.39690721649484534,0.6151202749140894
noise,mosei,TMDC,4,v,,,0.2,,hard,hard,8,0.30000000000000004,1165,1165,1165,1164,0.6539753639417694,-0.004479283314669735,-0.007838745800671898,0.595360824742268,0.6125429553264605,0.09536082474226804,0.46649484536082475,0.22938144329896906,0.5996563573883161
noise,mosei,TMDC,4,v,,,0.3,,selected,cross_mask,12,0.6000000000000001,1165,1165,1165,1164,0.6539753639417694,0.04143337066069419,0.043673012318029114,0.595360824742268,0.6194158075601375,0.12714776632302405,0.4802405498281787,0.39690721649484534,0.6151202749140894
noise,mosei,TMDC,4,v,,,0.3,,hard,hard,8,0.275,1165,1165,1165,1164,0.6539753639417694,0.012318029115341522,0.012318029115341522,0.595360824742268,0.6194158075601375,0.1400343642611684,0.31529209621993126,0.5438144329896907,0.5773195876288659
noise,mosei,TMDC,4,v,,,0.4,,selected,cross_mask,12,0.6000000000000001,1165,1165,1165,1164,0.6539753639417694,0.04143337066069419,0.043673012318029114,0.595360824742268,0.6194158075601375,0.12714776632302405,0.4802405498281787,0.39690721649484534,0.6151202749140894
noise,mosei,TMDC,4,v,,,0.4,,hard,hard,3,0.1,1165,1165,1165,1164,0.6539753639417694,0.0033594624860021627,0.0033594624860021627,0.595360824742268,0.5987972508591065,0.04982817869415808,0.21477663230240548,0.30670103092783507,0.5034364261168385
noise,mosei,TMDC,0,av,,,0.1,,selected,cross_mask,3,0.7000000000000001,1165,1165,1165,1164,0.6910299003322259,0.02879291251384275,0.060908084163898146,0.6400343642611683,0.6701030927835051,0.08762886597938144,0.35051546391752575,0.3634020618556701,0.6752577319587629
noise,mosei,TMDC,0,av,,,0.1,,hard,hard,5,0.47500000000000003,1165,1165,1165,1164,0.6910299003322259,0.008859357696566983,-0.0055370985603543366,0.6400343642611683,0.6529209621993127,0.11426116838487972,0.35223367697594504,0.4020618556701031,0.6400343642611683
noise,mosei,TMDC,0,av,,,0.2,,selected,cross_mask,3,0.7000000000000001,1165,1165,1165,1164,0.6910299003322259,0.02879291251384275,0.060908084163898146,0.6400343642611683,0.6701030927835051,0.08762886597938144,0.35051546391752575,0.3634020618556701,0.6752577319587629
noise,mosei,TMDC,0,av,,,0.2,,hard,hard,3,0.35000000000000003,1165,1165,1165,1164,0.6910299003322259,-0.00221483942414169,-0.02436323366555926,0.6400343642611683,0.6460481099656358,0.04982817869415808,0.36683848797250856,0.23625429553264604,0.6202749140893471
noise,mosei,TMDC,0,av,,,0.3,,selected,cross_mask,3,0.7000000000000001,1165,1165,1165,1164,0.6910299003322259,0.02879291251384275,0.060908084163898146,0.6400343642611683,0.6701030927835051,0.08762886597938144,0.35051546391752575,0.3634020618556701,0.6752577319587629
noise,mosei,TMDC,0,av,,,0.3,,hard,hard,3,0.17500000000000002,1165,1165,1165,1164,0.6910299003322259,-0.00221483942414169,-0.013289036544850474,0.6400343642611683,0.6391752577319587,0.0352233676975945,0.3170103092783505,0.1331615120274914,0.5773195876288659
noise,mosei,TMDC,0,av,,,0.4,,selected,cross_mask,3,0.7000000000000001,1165,1165,1165,1164,0.6910299003322259,0.02879291251384275,0.060908084163898146,0.6400343642611683,0.6701030927835051,0.08762886597938144,0.35051546391752575,0.3634020618556701,0.6752577319587629
noise,mosei,TMDC,0,av,,,0.4,,hard,hard,35,0.25,1165,1165,1165,1164,0.6910299003322259,-0.009966777408637828,-0.009966777408637828,0.6400343642611683,0.6262886597938144,0.0661512027491409,0.31529209621993126,0.3316151202749141,0.5472508591065293
noise,mosei,TMDC,1,av,,,0.1,,selected,cross_mask,12,0.5,1165,1165,1165,1164,0.658669574700109,0.05779716466739371,0.05997818974918212,0.6194158075601375,0.6460481099656358,0.09106529209621993,0.49054982817869414,0.2551546391752577,0.615979381443299
noise,mosei,TMDC,1,av,,,0.1,,hard,hard,12,0.675,1165,1165,1165,1164,0.658669574700109,0.025081788440567077,0.007633587786259555,0.6194158075601375,0.6563573883161512,0.0781786941580756,0.4097938144329897,0.24140893470790378,0.6486254295532646
noise,mosei,TMDC,1,av,,,0.2,,selected,cross_mask,12,0.5,1165,1165,1165,1164,0.658669574700109,0.05779716466739371,0.05997818974918212,0.6194158075601375,0.6460481099656358,0.09106529209621993,0.49054982817869414,0.2551546391752577,0.615979381443299
noise,mosei,TMDC,1,av,,,0.2,,hard,hard,8,0.45,1165,1165,1165,1164,0.658669574700109,0.0065430752453653485,0.0,0.6194158075601375,0.6348797250859106,0.05670103092783505,0.4536082474226804,0.15549828178694158,0.6030927835051546
noise,mosei,TMDC,1,av,,,0.3,,selected,cross_mask,12,0.5,1165,1165,1165,1164,0.658669574700109,0.05779716466739371,0.05997818974918212,0.6194158075601375,0.6460481099656358,0.09106529209621993,0.49054982817869414,0.2551546391752577,0.615979381443299
noise,mosei,TMDC,1,av,,,0.3,,hard,hard,50,0.42500000000000004,1165,1165,1165,1164,0.658669574700109,0.013086150490730697,0.014176663031624903,0.6194158075601375,0.6451890034364262,0.09278350515463918,0.40807560137457044,0.33075601374570446,0.5867697594501718
noise,mosei,TMDC,1,av,,,0.4,,selected,cross_mask,12,0.5,1165,1165,1165,1164,0.658669574700109,0.05779716466739371,0.05997818974918212,0.6194158075601375,0.6460481099656358,0.09106529209621993,0.49054982817869414,0.2551546391752577,0.615979381443299
noise,mosei,TMDC,1,av,,,0.4,,hard,hard,12,0.125,1165,1165,1165,1164,0.658669574700109,0.0021810250817885235,0.008724100327153761,0.6194158075601375,0.6185567010309279,0.00429553264604811,0.17010309278350516,0.03436426116838488,0.5274914089347079
noise,mosei,TMDC,2,av,,,0.1,,selected,cross_mask,8,0.7250000000000001,1165,1165,1165,1164,0.711731843575419,0.04357541899441342,0.042458100558659284,0.6451890034364262,0.6743986254295533,0.10223367697594501,0.38831615120274915,0.3238831615120275,0.6855670103092784
noise,mosei,TMDC,2,av,,,0.1,,hard,hard,8,0.625,1165,1165,1165,1164,0.711731843575419,0.020111731843575398,0.021229050279329642,0.6451890034364262,0.6778350515463918,0.08333333333333333,0.3642611683848797,0.29896907216494845,0.6735395189003437
noise,mosei,TMDC,2,av,,,0.2,,selected,cross_mask,8,0.7250000000000001,1165,1165,1165,1164,0.711731843575419,0.04357541899441342,0.042458100558659284,0.6451890034364262,0.6743986254295533,0.10223367697594501,0.38831615120274915,0.3238831615120275,0.6855670103092784
noise,mosei,TMDC,2,av,,,0.2,,hard,hard,5,0.42500000000000004,1165,1165,1165,1164,0.711731843575419,0.013407821229050265,-0.013407821229050265,0.6451890034364262,0.6786941580756014,0.11855670103092783,0.390893470790378,0.4218213058419244,0.6091065292096219
noise,mosei,TMDC,2,av,,,0.3,,selected,cross_mask,8,0.7250000000000001,1165,1165,1165,1164,0.711731843575419,0.04357541899441342,0.042458100558659284,0.6451890034364262,0.6743986254295533,0.10223367697594501,0.38831615120274915,0.3238831615120275,0.6855670103092784
noise,mosei,TMDC,2,av,,,0.3,,hard,hard,12,0.5,1165,1165,1165,1164,0.711731843575419,0.013407821229050265,-0.003351955307262511,0.6451890034364262,0.6735395189003437,0.09106529209621993,0.3960481099656357,0.28350515463917525,0.6194158075601375
noise,mosei,TMDC,2,av,,,0.4,,selected,cross_mask,8,0.7250000000000001,1165,1165,1165,1164,0.711731843575419,0.04357541899441342,0.042458100558659284,0.6451890034364262,0.6743986254295533,0.10223367697594501,0.38831615120274915,0.3238831615120275,0.6855670103092784
noise,mosei,TMDC,2,av,,,0.4,,hard,hard,50,0.225,1165,1165,1165,1164,0.711731843575419,0.004469273743016755,0.00893854748603351,0.6451890034364262,0.6486254295532646,0.0,0.29982817869415807,0.044673539518900345,0.5283505154639175
noise,mosei,TMDC,3,av,,,0.1,,selected,cross_mask,8,0.75,1165,1165,1165,1164,0.6562847608453838,0.07786429365962177,0.08120133481646274,0.622852233676976,0.6726804123711341,0.16065292096219932,0.4475945017182131,0.5154639175257731,0.6701030927835051
noise,mosei,TMDC,3,av,,,0.1,,hard,hard,20,0.525,1165,1165,1165,1164,0.6562847608453838,0.030033370411568394,0.033370411568409364,0.622852233676976,0.654639175257732,0.14432989690721648,0.45962199312714774,0.39347079037800686,0.6280068728522337
noise,mosei,TMDC,3,av,,,0.2,,selected,cross_mask,8,0.75,1165,1165,1165,1164,0.6562847608453838,0.07786429365962177,0.08120133481646274,0.622852233676976,0.6726804123711341,0.16065292096219932,0.4475945017182131,0.5154639175257731,0.6701030927835051
noise,mosei,TMDC,3,av,,,0.2,,hard,hard,20,0.35000000000000003,1165,1165,1165,1164,0.6562847608453838,0.024471635150166815,0.025583982202447175,0.622852233676976,0.6434707903780069,0.08848797250859107,0.34192439862542956,0.27920962199312716,0.6185567010309279
noise,mosei,TMDC,3,av,,,0.3,,selected,cross_mask,8,0.75,1165,1165,1165,1164,0.6562847608453838,0.07786429365962177,0.08120133481646274,0.622852233676976,0.6726804123711341,0.16065292096219932,0.4475945017182131,0.5154639175257731,0.6701030927835051
noise,mosei,TMDC,3,av,,,0.3,,hard,hard,5,0.1,1165,1165,1165,1164,0.6562847608453838,0.0,-0.020022246941045596,0.622852233676976,0.622852233676976,0.0,0.49226804123711343,0.001718213058419244,0.5446735395189003
noise,mosei,TMDC,3,av,,,0.4,,selected,cross_mask,8,0.75,1165,1165,1165,1164,0.6562847608453838,0.07786429365962177,0.08120133481646274,0.622852233676976,0.6726804123711341,0.16065292096219932,0.4475945017182131,0.5154639175257731,0.6701030927835051
noise,mosei,TMDC,3,av,,,0.4,,hard,hard,3,0.07500000000000001,1165,1165,1165,1164,0.6562847608453838,0.0,0.008898776418242438,0.622852233676976,0.622852233676976,0.006013745704467354,0.11855670103092783,0.007731958762886598,0.5034364261168385
noise,mosei,TMDC,4,av,,,0.1,,selected,cross_mask,5,0.55,1165,1165,1165,1164,0.6606942889137738,0.034714445688689755,0.0414333706606943,0.6005154639175257,0.6280068728522337,0.10309278350515463,0.3487972508591065,0.3006872852233677,0.6451890034364262
noise,mosei,TMDC,4,av,,,0.1,,hard,hard,35,0.375,1165,1165,1165,1164,0.6606942889137738,0.013437849944008984,0.00895856662933936,0.6005154639175257,0.6202749140893471,0.0781786941580756,0.32560137457044674,0.26804123711340205,0.6237113402061856
noise,mosei,TMDC,4,av,,,0.2,,selected,cross_mask,5,0.55,1165,1165,1165,1164,0.6606942889137738,0.034714445688689755,0.0414333706606943,0.6005154639175257,0.6280068728522337,0.10309278350515463,0.3487972508591065,0.3006872852233677,0.6451890034364262
noise,mosei,TMDC,4,av,,,0.2,,hard,hard,12,0.275,1165,1165,1165,1164,0.6606942889137738,0.0011198208286674616,0.0,0.6005154639175257,0.6151202749140894,0.08419243986254296,0.29553264604810997,0.24914089347079038,0.6005154639175257
noise,mosei,TMDC,4,av,,,0.3,,selected,cross_mask,5,0.55,1165,1165,1165,1164,0.6606942889137738,0.034714445688689755,0.0414333706606943,0.6005154639175257,0.6280068728522337,0.10309278350515463,0.3487972508591065,0.3006872852233677,0.6451890034364262
noise,mosei,TMDC,4,av,,,0.3,,hard,hard,12,0.17500000000000002,1165,1165,1165,1164,0.6606942889137738,0.011198208286674172,0.016797312430011146,0.6005154639175257,0.6176975945017182,0.04381443298969072,0.4802405498281787,0.17010309278350516,0.5730240549828178
noise,mosei,TMDC,4,av,,,0.4,,selected,cross_mask,5,0.55,1165,1165,1165,1164,0.6606942889137738,0.034714445688689755,0.0414333706606943,0.6005154639175257,0.6280068728522337,0.10309278350515463,0.3487972508591065,0.3006872852233677,0.6451890034364262
noise,mosei,TMDC,4,av,,,0.4,,hard,hard,5,0.05,1165,1165,1165,1164,0.6606942889137738,0.0011198208286674616,0.005599104143337086,0.6005154639175257,0.602233676975945,0.007731958762886598,0.4793814432989691,0.06013745704467354,0.5180412371134021
noise,mosei,MoMKE,0,a,,,0.1,,selected,hard,35,0.05,1165,1165,1165,1164,0.70874861572536,0.00221483942414169,0.0033222591362125353,0.6400343642611683,0.6434707903780069,0.0,0.0,0.2646048109965636,0.6013745704467354
noise,mosei,MoMKE,0,a,,,0.1,,hard,hard,35,0.05,1165,1165,1165,1164,0.70874861572536,0.00221483942414169,0.0033222591362125353,0.6400343642611683,0.6434707903780069,0.0,0.0,0.2646048109965636,0.6013745704467354
noise,mosei,MoMKE,0,a,,,0.2,,selected,hard,8,0.17500000000000002,1165,1165,1165,1164,0.70874861572536,0.006644518272425182,0.0055370985603543366,0.6400343642611683,0.6469072164948454,0.05326460481099656,0.19931271477663232,0.23883161512027493,0.6013745704467354
noise,mosei,MoMKE,0,a,,,0.2,,hard,hard,8,0.17500000000000002,1165,1165,1165,1164,0.70874861572536,0.006644518272425182,0.0055370985603543366,0.6400343642611683,0.6469072164948454,0.05326460481099656,0.19931271477663232,0.23883161512027493,0.6013745704467354
noise,mosei,MoMKE,0,a,,,0.3,,selected,hard,8,0.025,1165,1165,1165,1164,0.70874861572536,0.0,0.00221483942414169,0.6400343642611683,0.6400343642611683,0.0,0.0,0.14175257731958762,0.5867697594501718
noise,mosei,MoMKE,0,a,,,0.3,,hard,hard,8,0.025,1165,1165,1165,1164,0.70874861572536,0.0,0.00221483942414169,0.6400343642611683,0.6400343642611683,0.0,0.0,0.14175257731958762,0.5867697594501718
noise,mosei,MoMKE,0,a,,,0.4,,selected,cross_mask,8,0.25,1165,1165,1165,1164,0.70874861572536,0.008859357696566983,0.024363233665559147,0.6400343642611683,0.6460481099656358,0.03264604810996564,0.13144329896907217,0.21563573883161513,0.6254295532646048
noise,mosei,MoMKE,0,a,,,0.4,,hard,hard,8,0.025,1165,1165,1165,1164,0.70874861572536,0.001107419712070845,0.006644518272425182,0.6400343642611683,0.6408934707903781,0.0,0.5257731958762887,0.000859106529209622,0.5403780068728522
noise,mosei,MoMKE,1,a,,,0.1,,selected,cross_mask,3,0.35000000000000003,1165,1165,1165,1164,0.6990185387131952,0.01199563794983638,0.022900763358778664,0.634020618556701,0.6451890034364262,0.06013745704467354,0.24570446735395188,0.2654639175257732,0.6348797250859106
noise,mosei,MoMKE,1,a,,,0.1,,hard,hard,35,0.2,1165,1165,1165,1164,0.6990185387131952,-0.0010905125408942062,-0.0010905125408942062,0.634020618556701,0.6365979381443299,0.023195876288659795,0.4415807560137457,0.14175257731958762,0.6108247422680413
noise,mosei,MoMKE,1,a,,,0.2,,selected,cross_mask,3,0.35000000000000003,1165,1165,1165,1164,0.6990185387131952,0.01199563794983638,0.022900763358778664,0.634020618556701,0.6451890034364262,0.06013745704467354,0.24570446735395188,0.2654639175257732,0.6348797250859106
noise,mosei,MoMKE,1,a,,,0.2,,hard,hard,5,0.125,1165,1165,1165,1164,0.6990185387131952,0.0,0.009814612868047967,0.634020618556701,0.6391752577319587,0.0859106529209622,0.17353951890034364,0.3470790378006873,0.5738831615120275
noise,mosei,MoMKE,1,a,,,0.3,,selected,cross_mask,3,0.35000000000000003,1165,1165,1165,1164,0.6990185387131952,0.01199563794983638,0.022900763358778664,0.634020618556701,0.6451890034364262,0.06013745704467354,0.24570446735395188,0.2654639175257732,0.6348797250859106
noise,mosei,MoMKE,1,a,,,0.3,,hard,hard,5,0.125,1165,1165,1165,1164,0.6990185387131952,-0.007633587786259555,-0.010905125408942173,0.634020618556701,0.6297250859106529,0.09621993127147767,0.19329896907216496,0.28264604810996563,0.5764604810996563
noise,mosei,MoMKE,1,a,,,0.4,,selected,cross_mask,3,0.35000000000000003,1165,1165,1165,1164,0.6990185387131952,0.01199563794983638,0.022900763358778664,0.634020618556701,0.6451890034364262,0.06013745704467354,0.24570446735395188,0.2654639175257732,0.6348797250859106
noise,mosei,MoMKE,1,a,,,0.4,,hard,hard,3,0.0,1165,1165,1165,1164,0.6990185387131952,0.0,0.0,0.634020618556701,0.634020618556701,0.0,0.0,1.0,0.5017182130584192
noise,mosei,MoMKE,2,a,,,0.1,,selected,cross_mask,3,0.55,1165,1165,1165,1164,0.7541899441340782,0.005586592178770888,0.034636871508379796,0.6743986254295533,0.6804123711340206,0.03436426116838488,0.3178694158075601,0.17096219931271478,0.6632302405498282
noise,mosei,MoMKE,2,a,,,0.1,,hard,hard,12,0.375,1165,1165,1165,1164,0.7541899441340782,-0.0022346368715083775,-0.007821229050279377,0.6743986254295533,0.6804123711340206,0.10996563573883161,0.33676975945017185,0.4012027491408935,0.6056701030927835
noise,mosei,MoMKE,2,a,,,0.2,,selected,cross_mask,3,0.55,1165,1165,1165,1164,0.7541899441340782,0.005586592178770888,0.034636871508379796,0.6743986254295533,0.6804123711340206,0.03436426116838488,0.3178694158075601,0.17096219931271478,0.6632302405498282
noise,mosei,MoMKE,2,a,,,0.2,,hard,hard,5,0.375,1165,1165,1165,1164,0.7541899441340782,-0.005586592178770999,-0.02346368715083802,0.6743986254295533,0.6898625429553265,0.12886597938144329,0.33075601374570446,0.4269759450171821,0.6194158075601375
noise,mosei,MoMKE,2,a,,,0.3,,selected,cross_mask,3,0.55,1165,1165,1165,1164,0.7541899441340782,0.005586592178770888,0.034636871508379796,0.6743986254295533,0.6804123711340206,0.03436426116838488,0.3178694158075601,0.17096219931271478,0.6632302405498282
noise,mosei,MoMKE,2,a,,,0.3,,hard,hard,20,0.225,1165,1165,1165,1164,0.7541899441340782,-0.0022346368715083775,0.0,0.6743986254295533,0.6718213058419243,0.04639175257731959,0.19329896907216496,0.25171821305841924,0.595360824742268
noise,mosei,MoMKE,2,a,,,0.4,,selected,cross_mask,3,0.55,1165,1165,1165,1164,0.7541899441340782,0.005586592178770888,0.034636871508379796,0.6743986254295533,0.6804123711340206,0.03436426116838488,0.3178694158075601,0.17096219931271478,0.6632302405498282
noise,mosei,MoMKE,2,a,,,0.4,,hard,hard,3,0.0,1165,1165,1165,1164,0.7541899441340782,0.0,0.0,0.6743986254295533,0.6743986254295533,0.0,0.0,1.0,0.49312714776632305
noise,mosei,MoMKE,3,a,,,0.1,,selected,cross_mask,5,0.55,1165,1165,1165,1164,0.692992213570634,0.020022246941045596,0.018909899888765347,0.6331615120274914,0.6408934707903781,0.05154639175257732,0.47508591065292094,0.17525773195876287,0.6030927835051546
noise,mosei,MoMKE,3,a,,,0.1,,hard,hard,5,0.1,1165,1165,1165,1164,0.692992213570634,0.0011123470522803602,0.014460511679644128,0.6331615120274914,0.634020618556701,0.07731958762886598,0.140893470790378,0.35223367697594504,0.5850515463917526
noise,mosei,MoMKE,3,a,,,0.2,,selected,cross_mask,5,0.55,1165,1165,1165,1164,0.692992213570634,0.020022246941045596,0.018909899888765347,0.6331615120274914,0.6408934707903781,0.05154639175257732,0.47508591065292094,0.17525773195876287,0.6030927835051546
noise,mosei,MoMKE,3,a,,,0.2,,hard,hard,50,0.05,1165,1165,1165,1164,0.692992213570634,0.0,0.006674082313681939,0.6331615120274914,0.6331615120274914,0.0,0.5223367697594502,0.0,0.5816151202749141
noise,mosei,MoMKE,3,a,,,0.3,,selected,cross_mask,5,0.55,1165,1165,1165,1164,0.692992213570634,0.020022246941045596,0.018909899888765347,0.6331615120274914,0.6408934707903781,0.05154639175257732,0.47508591065292094,0.17525773195876287,0.6030927835051546
noise,mosei,MoMKE,3,a,,,0.3,,hard,hard,3,0.025,1165,1165,1165,1164,0.692992213570634,0.006674082313681939,0.00444938820912133,0.6331615120274914,0.6400343642611683,0.0,0.5128865979381443,0.027491408934707903,0.5644329896907216
noise,mosei,MoMKE,3,a,,,0.4,,selected,cross_mask,5,0.55,1165,1165,1165,1164,0.692992213570634,0.020022246941045596,0.018909899888765347,0.6331615120274914,0.6408934707903781,0.05154639175257732,0.47508591065292094,0.17525773195876287,0.6030927835051546
noise,mosei,MoMKE,3,a,,,0.4,,hard,hard,20,0.025,1165,1165,1165,1164,0.692992213570634,0.0,-0.0011123470522802492,0.6331615120274914,0.634020618556701,0.0,0.5335051546391752,0.005154639175257732,0.5687285223367697
noise,mosei,MoMKE,4,a,,,0.1,,selected,cross_mask,3,0.5750000000000001,1165,1165,1165,1164,0.7010078387458006,0.005599104143337086,0.027995520716685318,0.6202749140893471,0.6237113402061856,0.07302405498281787,0.33075601374570446,0.21993127147766323,0.6151202749140894
noise,mosei,MoMKE,4,a,,,0.1,,hard,hard,20,0.1,1165,1165,1165,1164,0.7010078387458006,0.0,0.007838745800671898,0.6202749140893471,0.6211340206185567,0.009450171821305841,0.027491408934707903,0.20876288659793815,0.5893470790378007
noise,mosei,MoMKE,4,a,,,0.2,,selected,cross_mask,3,0.5750000000000001,1165,1165,1165,1164,0.7010078387458006,0.005599104143337086,0.027995520716685318,0.6202749140893471,0.6237113402061856,0.07302405498281787,0.33075601374570446,0.21993127147766323,0.6151202749140894
noise,mosei,MoMKE,4,a,,,0.2,,hard,hard,8,0.17500000000000002,1165,1165,1165,1164,0.7010078387458006,0.0011198208286674616,-0.005599104143337086,0.6202749140893471,0.622852233676976,0.070446735395189,0.2259450171821306,0.19845360824742267,0.5567010309278351
noise,mosei,MoMKE,4,a,,,0.3,,selected,cross_mask,3,0.5750000000000001,1165,1165,1165,1164,0.7010078387458006,0.005599104143337086,0.027995520716685318,0.6202749140893471,0.6237113402061856,0.07302405498281787,0.33075601374570446,0.21993127147766323,0.6151202749140894
noise,mosei,MoMKE,4,a,,,0.3,,hard,hard,12,0.05,1165,1165,1165,1164,0.7010078387458006,-0.0011198208286673506,0.002239641657334812,0.6202749140893471,0.6202749140893471,0.0,0.0,0.14604810996563575,0.5884879725085911
noise,mosei,MoMKE,4,a,,,0.4,,selected,cross_mask,3,0.5750000000000001,1165,1165,1165,1164,0.7010078387458006,0.005599104143337086,0.027995520716685318,0.6202749140893471,0.6237113402061856,0.07302405498281787,0.33075601374570446,0.21993127147766323,0.6151202749140894
noise,mosei,MoMKE,4,a,,,0.4,,hard,hard,3,0.05,1165,1165,1165,1164,0.7010078387458006,0.0,0.002239641657334812,0.6202749140893471,0.6211340206185567,0.005154639175257732,0.506872852233677,0.01718213058419244,0.5300687285223368
noise,mosei,MoMKE,0,v,,,0.1,,selected,cross_mask,8,0.6000000000000001,1165,1165,1165,1164,0.6954595791805094,0.017718715393134077,0.03654485049833889,0.6185567010309279,0.6297250859106529,0.07302405498281787,0.3316151202749141,0.25257731958762886,0.6443298969072165
noise,mosei,MoMKE,0,v,,,0.1,,hard,hard,50,0.225,1165,1165,1165,1164,0.6954595791805094,-0.0033222591362126463,-0.0033222591362126463,0.6185567010309279,0.6254295532646048,0.03608247422680412,0.1958762886597938,0.19158075601374572,0.5893470790378007
noise,mosei,MoMKE,0,v,,,0.2,,selected,cross_mask,8,0.6000000000000001,1165,1165,1165,1164,0.6954595791805094,0.017718715393134077,0.03654485049833889,0.6185567010309279,0.6297250859106529,0.07302405498281787,0.3316151202749141,0.25257731958762886,0.6443298969072165
noise,mosei,MoMKE,0,v,,,0.2,,hard,hard,50,0.05,1165,1165,1165,1164,0.6954595791805094,0.0,-0.001107419712070845,0.6185567010309279,0.6176975945017182,0.0,0.0,0.000859106529209622,0.5884879725085911
noise,mosei,MoMKE,0,v,,,0.3,,selected,cross_mask,8,0.6000000000000001,1165,1165,1165,1164,0.6954595791805094,0.017718715393134077,0.03654485049833889,0.6185567010309279,0.6297250859106529,0.07302405498281787,0.3316151202749141,0.25257731958762886,0.6443298969072165
noise,mosei,MoMKE,0,v,,,0.3,,hard,hard,8,0.15000000000000002,1165,1165,1165,1164,0.6954595791805094,0.0,0.0022148394241418012,0.6185567010309279,0.6245704467353952,0.06357388316151202,0.18556701030927836,0.21219931271477663,0.5661512027491409
noise,mosei,MoMKE,0,v,,,0.4,,selected,cross_mask,8,0.6000000000000001,1165,1165,1165,1164,0.6954595791805094,0.017718715393134077,0.03654485049833889,0.6185567010309279,0.6297250859106529,0.07302405498281787,0.3316151202749141,0.25257731958762886,0.6443298969072165
noise,mosei,MoMKE,0,v,,,0.4,,hard,hard,12,0.1,1165,1165,1165,1164,0.6954595791805094,0.0033222591362126463,-0.001107419712070845,0.6185567010309279,0.6219931271477663,0.022336769759450172,0.0506872852233677,0.15378006872852235,0.5094501718213058
noise,mosei,MoMKE,1,v,,,0.1,,selected,cross_mask,3,0.8500000000000001,1165,1165,1165,1164,0.7121046892039259,0.025081788440567077,0.017448200654307522,0.6348797250859106,0.6580756013745704,0.06872852233676977,0.3333333333333333,0.2663230240549828,0.6554982817869416
noise,mosei,MoMKE,1,v,,,0.1,,hard,hard,3,0.4,1165,1165,1165,1164,0.7121046892039259,-0.013086150490730697,-0.029443838604144013,0.6348797250859106,0.6494845360824743,0.18127147766323023,0.34106529209621994,0.5695876288659794,0.6245704467353952
noise,mosei,MoMKE,1,v,,,0.2,,selected,cross_mask,3,0.8500000000000001,1165,1165,1165,1164,0.7121046892039259,0.025081788440567077,0.017448200654307522,0.6348797250859106,0.6580756013745704,0.06872852233676977,0.3333333333333333,0.2663230240549828,0.6554982817869416
noise,mosei,MoMKE,1,v,,,0.2,,hard,hard,3,0.275,1165,1165,1165,1164,0.7121046892039259,0.005452562704471031,-0.005452562704471142,0.6348797250859106,0.6486254295532646,0.0661512027491409,0.3436426116838488,0.22766323024054982,0.6176975945017182
noise,mosei,MoMKE,1,v,,,0.3,,selected,cross_mask,3,0.8500000000000001,1165,1165,1165,1164,0.7121046892039259,0.025081788440567077,0.017448200654307522,0.6348797250859106,0.6580756013745704,0.06872852233676977,0.3333333333333333,0.2663230240549828,0.6554982817869416
noise,mosei,MoMKE,1,v,,,0.3,,hard,hard,50,0.55,1165,1165,1165,1164,0.7121046892039259,-0.03380588876772084,-0.06652126499454747,0.6348797250859106,0.6451890034364262,0.1211340206185567,0.4106529209621993,0.4252577319587629,0.5756013745704467
noise,mosei,MoMKE,1,v,,,0.4,,selected,cross_mask,3,0.8500000000000001,1165,1165,1165,1164,0.7121046892039259,0.025081788440567077,0.017448200654307522,0.6348797250859106,0.6580756013745704,0.06872852233676977,0.3333333333333333,0.2663230240549828,0.6554982817869416
noise,mosei,MoMKE,1,v,,,0.4,,hard,hard,3,0.0,1165,1165,1165,1164,0.7121046892039259,0.0,0.0,0.6348797250859106,0.6348797250859106,0.0,0.0,1.0,0.5154639175257731
noise,mosei,MoMKE,2,v,,,0.1,,selected,cross_mask,5,0.8500000000000001,1165,1165,1165,1164,0.7307262569832402,0.03351955307262566,0.040223463687150796,0.6357388316151202,0.6554982817869416,0.0936426116838488,0.35652920962199314,0.359106529209622,0.6675257731958762
noise,mosei,MoMKE,2,v,,,0.1,,hard,hard,5,0.525,1165,1165,1165,1164,0.7307262569832402,0.007821229050279377,-0.025698324022346397,0.6357388316151202,0.6589347079037801,0.08934707903780069,0.34106529209621994,0.38316151202749144,0.6426116838487973
noise,mosei,MoMKE,2,v,,,0.2,,selected,cross_mask,5,0.8500000000000001,1165,1165,1165,1164,0.7307262569832402,0.03351955307262566,0.040223463687150796,0.6357388316151202,0.6554982817869416,0.0936426116838488,0.35652920962199314,0.359106529209622,0.6675257731958762
noise,mosei,MoMKE,2,v,,,0.2,,hard,hard,35,0.275,1165,1165,1165,1164,0.7307262569832402,0.006703910614525133,0.010055865921787754,0.6357388316151202,0.6494845360824743,0.018900343642611683,0.25171821305841924,0.0781786941580756,0.5824742268041238
noise,mosei,MoMKE,2,v,,,0.3,,selected,cross_mask,5,0.8500000000000001,1165,1165,1165,1164,0.7307262569832402,0.03351955307262566,0.040223463687150796,0.6357388316151202,0.6554982817869416,0.0936426116838488,0.35652920962199314,0.359106529209622,0.6675257731958762
noise,mosei,MoMKE,2,v,,,0.3,,hard,hard,50,0.15000000000000002,1165,1165,1165,1164,0.7307262569832402,0.003351955307262511,0.003351955307262511,0.6357388316151202,0.6400343642611683,0.02577319587628866,0.05412371134020619,0.6211340206185567,0.595360824742268
noise,mosei,MoMKE,2,v,,,0.4,,selected,cross_mask,5,0.8500000000000001,1165,1165,1165,1164,0.7307262569832402,0.03351955307262566,0.040223463687150796,0.6357388316151202,0.6554982817869416,0.0936426116838488,0.35652920962199314,0.359106529209622,0.6675257731958762
noise,mosei,MoMKE,2,v,,,0.4,,hard,hard,12,0.025,1165,1165,1165,1164,0.7307262569832402,0.0011173184357541333,0.0022346368715083775,0.6357388316151202,0.6365979381443299,0.0,0.0,0.16752577319587628,0.5455326460481099
noise,mosei,MoMKE,3,v,,,0.1,,selected,cross_mask,12,0.675,1165,1165,1165,1164,0.6674082313681868,0.03559510567296997,0.036707452725250334,0.5919243986254296,0.6176975945017182,0.10824742268041238,0.3384879725085911,0.32646048109965636,0.6237113402061856
noise,mosei,MoMKE,3,v,,,0.1,,hard,hard,50,0.2,1165,1165,1165,1164,0.6674082313681868,0.006674082313681939,0.006674082313681939,0.5919243986254296,0.6108247422680413,0.019759450171821305,0.12886597938144329,0.27233676975945015,0.6108247422680413
noise,mosei,MoMKE,3,v,,,0.2,,selected,cross_mask,12,0.675,1165,1165,1165,1164,0.6674082313681868,0.03559510567296997,0.036707452725250334,0.5919243986254296,0.6176975945017182,0.10824742268041238,0.3384879725085911,0.32646048109965636,0.6237113402061856
noise,mosei,MoMKE,3,v,,,0.2,,hard,hard,50,0.25,1165,1165,1165,1164,0.6674082313681868,0.008898776418242549,0.006674082313681939,0.5919243986254296,0.6056701030927835,0.03264604810996564,0.18900343642611683,0.13487972508591065,0.6211340206185567
noise,mosei,MoMKE,3,v,,,0.3,,selected,cross_mask,12,0.675,1165,1165,1165,1164,0.6674082313681868,0.03559510567296997,0.036707452725250334,0.5919243986254296,0.6176975945017182,0.10824742268041238,0.3384879725085911,0.32646048109965636,0.6237113402061856
noise,mosei,MoMKE,3,v,,,0.3,,hard,hard,12,0.15000000000000002,1165,1165,1165,1164,0.6674082313681868,0.0022246941045606095,0.011123470522803158,0.5919243986254296,0.5936426116838488,0.03436426116838488,0.15463917525773196,0.15463917525773196,0.5489690721649485
noise,mosei,MoMKE,3,v,,,0.4,,selected,cross_mask,12,0.675,1165,1165,1165,1164,0.6674082313681868,0.03559510567296997,0.036707452725250334,0.5919243986254296,0.6176975945017182,0.10824742268041238,0.3384879725085911,0.32646048109965636,0.6237113402061856
noise,mosei,MoMKE,3,v,,,0.4,,hard,hard,5,0.17500000000000002,1165,1165,1165,1164,0.6674082313681868,-0.007786429365962189,-0.016685205784204626,0.5919243986254296,0.5919243986254296,0.10223367697594501,0.30670103092783507,0.27835051546391754,0.5274914089347079
noise,mosei,MoMKE,4,v,,,0.1,,selected,cross_mask,8,0.7250000000000001,1165,1165,1165,1164,0.7021276595744681,0.027995520716685318,0.021276595744680882,0.6151202749140894,0.6262886597938144,0.13831615120274915,0.34965635738831613,0.3943298969072165,0.6357388316151202
noise,mosei,MoMKE,4,v,,,0.1,,hard,hard,50,0.35000000000000003,1165,1165,1165,1164,0.7021276595744681,-0.02015677491601342,-0.03247480403135494,0.6151202749140894,0.6116838487972509,0.08505154639175258,0.30498281786941583,0.2190721649484536,0.5884879725085911
noise,mosei,MoMKE,4,v,,,0.2,,selected,cross_mask,8,0.7250000000000001,1165,1165,1165,1164,0.7021276595744681,0.027995520716685318,0.021276595744680882,0.6151202749140894,0.6262886597938144,0.13831615120274915,0.34965635738831613,0.3943298969072165,0.6357388316151202
noise,mosei,MoMKE,4,v,,,0.2,,hard,hard,5,0.2,1165,1165,1165,1164,0.7021276595744681,0.0011198208286673506,-0.01903695408734607,0.6151202749140894,0.6237113402061856,0.08676975945017182,0.27405498281786944,0.27835051546391754,0.5979381443298969
noise,mosei,MoMKE,4,v,,,0.3,,selected,cross_mask,8,0.7250000000000001,1165,1165,1165,1164,0.7021276595744681,0.027995520716685318,0.021276595744680882,0.6151202749140894,0.6262886597938144,0.13831615120274915,0.34965635738831613,0.3943298969072165,0.6357388316151202
noise,mosei,MoMKE,4,v,,,0.3,,hard,hard,20,0.1,1165,1165,1165,1164,0.7021276595744681,-0.0033594624860022737,-0.007838745800671898,0.6151202749140894,0.615979381443299,0.005154639175257732,0.028350515463917526,0.08161512027491409,0.5584192439862543
noise,mosei,MoMKE,4,v,,,0.4,,selected,cross_mask,8,0.7250000000000001,1165,1165,1165,1164,0.7021276595744681,0.027995520716685318,0.021276595744680882,0.6151202749140894,0.6262886597938144,0.13831615120274915,0.34965635738831613,0.3943298969072165,0.6357388316151202
noise,mosei,MoMKE,4,v,,,0.4,,hard,hard,5,0.05,1165,1165,1165,1164,0.7021276595744681,-0.0033594624860022737,-0.005599104143337086,0.6151202749140894,0.6082474226804123,0.015463917525773196,0.024054982817869417,0.4252577319587629,0.5240549828178694
noise,mosei,MoMKE,0,av,,,0.1,,selected,cross_mask,3,1.0,1165,1165,1165,1164,0.7253599114064231,0.048726467331118406,0.029900332225913595,0.647766323024055,0.6838487972508591,0.07216494845360824,0.3848797250859107,0.2654639175257732,0.6726804123711341
noise,mosei,MoMKE,0,av,,,0.1,,hard,hard,50,0.0,1165,1165,1165,1164,0.7253599114064231,0.0,0.0,0.647766323024055,0.647766323024055,0.0,0.0,1.0,0.5919243986254296
noise,mosei,MoMKE,0,av,,,0.2,,selected,cross_mask,3,1.0,1165,1165,1165,1164,0.7253599114064231,0.048726467331118406,0.029900332225913595,0.647766323024055,0.6838487972508591,0.07216494845360824,0.3848797250859107,0.2654639175257732,0.6726804123711341
noise,mosei,MoMKE,0,av,,,0.2,,hard,hard,35,0.025,1165,1165,1165,1164,0.7253599114064231,0.0,0.001107419712070845,0.647766323024055,0.6469072164948454,0.0,0.0,0.38144329896907214,0.6039518900343642
noise,mosei,MoMKE,0,av,,,0.3,,selected,cross_mask,3,1.0,1165,1165,1165,1164,0.7253599114064231,0.048726467331118406,0.029900332225913595,0.647766323024055,0.6838487972508591,0.07216494845360824,0.3848797250859107,0.2654639175257732,0.6726804123711341
noise,mosei,MoMKE,0,av,,,0.3,,hard,hard,8,0.07500000000000001,1165,1165,1165,1164,0.7253599114064231,-0.0011074197120709561,-0.007751937984496138,0.647766323024055,0.6460481099656358,0.022336769759450172,0.02577319587628866,0.17525773195876287,0.5747422680412371
noise,mosei,MoMKE,0,av,,,0.4,,selected,cross_mask,3,1.0,1165,1165,1165,1164,0.7253599114064231,0.048726467331118406,0.029900332225913595,0.647766323024055,0.6838487972508591,0.07216494845360824,0.3848797250859107,0.2654639175257732,0.6726804123711341
noise,mosei,MoMKE,0,av,,,0.4,,hard,hard,20,0.1,1165,1165,1165,1164,0.7253599114064231,0.0033222591362125353,0.0033222591362125353,0.647766323024055,0.6494845360824743,0.002577319587628866,0.43900343642611683,0.01288659793814433,0.5352233676975945
noise,mosei,MoMKE,1,av,,,0.1,,selected,cross_mask,3,0.7250000000000001,1165,1165,1165,1164,0.7273718647764449,0.009814612868048078,0.017448200654307522,0.6512027491408935,0.6615120274914089,0.048109965635738834,0.327319587628866,0.22079037800687284,0.6400343642611683
noise,mosei,MoMKE,1,av,,,0.1,,hard,hard,5,0.42500000000000004,1165,1165,1165,1164,0.7273718647764449,-0.0010905125408942062,-0.040348964013086075,0.6512027491408935,0.6709621993127147,0.1211340206185567,0.31872852233676974,0.5446735395189003,0.6408934707903781
noise,mosei,MoMKE,1,av,,,0.2,,selected,cross_mask,3,0.7250000000000001,1165,1165,1165,1164,0.7273718647764449,0.009814612868048078,0.017448200654307522,0.6512027491408935,0.6615120274914089,0.048109965635738834,0.327319587628866,0.22079037800687284,0.6400343642611683
noise,mosei,MoMKE,1,av,,,0.2,,hard,hard,50,0.225,1165,1165,1165,1164,0.7273718647764449,-0.005452562704471031,-0.008724100327153761,0.6512027491408935,0.6589347079037801,0.03608247422680412,0.1640893470790378,0.12972508591065293,0.6142611683848798
noise,mosei,MoMKE,1,av,,,0.3,,selected,cross_mask,3,0.7250000000000001,1165,1165,1165,1164,0.7273718647764449,0.009814612868048078,0.017448200654307522,0.6512027491408935,0.6615120274914089,0.048109965635738834,0.327319587628866,0.22079037800687284,0.6400343642611683
noise,mosei,MoMKE,1,av,,,0.3,,hard,hard,50,0.17500000000000002,1165,1165,1165,1164,0.7273718647764449,-0.004362050163576825,-0.004362050163576825,0.6512027491408935,0.6606529209621993,0.040378006872852236,0.09879725085910653,0.46048109965635736,0.5833333333333334
noise,mosei,MoMKE,1,av,,,0.4,,selected,cross_mask,3,0.7250000000000001,1165,1165,1165,1164,0.7273718647764449,0.009814612868048078,0.017448200654307522,0.6512027491408935,0.6615120274914089,0.048109965635738834,0.327319587628866,0.22079037800687284,0.6400343642611683
noise,mosei,MoMKE,1,av,,,0.4,,hard,hard,3,0.0,1165,1165,1165,1164,0.7273718647764449,0.0,0.0,0.6512027491408935,0.6512027491408935,0.0,0.0,1.0,0.5189003436426117
noise,mosei,MoMKE,2,av,,,0.1,,selected,cross_mask,3,0.75,1165,1165,1165,1164,0.7553072625698324,0.01452513966480451,0.027932960893854775,0.6692439862542955,0.6778350515463918,0.09106529209621993,0.31958762886597936,0.4072164948453608,0.6606529209621993
noise,mosei,MoMKE,2,av,,,0.1,,hard,hard,35,0.275,1165,1165,1165,1164,0.7553072625698324,0.0,-0.005586592178770888,0.6692439862542955,0.6821305841924399,0.04896907216494845,0.22336769759450173,0.2981099656357388,0.6305841924398625
noise,mosei,MoMKE,2,av,,,0.2,,selected,cross_mask,3,0.75,1165,1165,1165,1164,0.7553072625698324,0.01452513966480451,0.027932960893854775,0.6692439862542955,0.6778350515463918,0.09106529209621993,0.31958762886597936,0.4072164948453608,0.6606529209621993
noise,mosei,MoMKE,2,av,,,0.2,,hard,hard,20,0.15000000000000002,1165,1165,1165,1164,0.7553072625698324,0.0,-0.0011173184357541333,0.6692439862542955,0.6761168384879725,0.028350515463917526,0.0936426116838488,0.28951890034364264,0.6323024054982818
noise,mosei,MoMKE,2,av,,,0.3,,selected,cross_mask,3,0.75,1165,1165,1165,1164,0.7553072625698324,0.01452513966480451,0.027932960893854775,0.6692439862542955,0.6778350515463918,0.09106529209621993,0.31958762886597936,0.4072164948453608,0.6606529209621993
noise,mosei,MoMKE,2,av,,,0.3,,hard,hard,20,0.2,1165,1165,1165,1164,0.7553072625698324,0.007821229050279377,0.00893854748603351,0.6692439862542955,0.6769759450171822,0.036941580756013746,0.13745704467353953,0.3161512027491409,0.6142611683848798
noise,mosei,MoMKE,2,av,,,0.4,,selected,cross_mask,3,0.75,1165,1165,1165,1164,0.7553072625698324,0.01452513966480451,0.027932960893854775,0.6692439862542955,0.6778350515463918,0.09106529209621993,0.31958762886597936,0.4072164948453608,0.6606529209621993
noise,mosei,MoMKE,2,av,,,0.4,,hard,hard,3,0.0,1165,1165,1165,1164,0.7553072625698324,0.0,0.0,0.6692439862542955,0.6692439862542955,0.0,0.0,1.0,0.49742268041237114
noise,mosei,MoMKE,3,av,,,0.1,,selected,cross_mask,8,0.525,1165,1165,1165,1164,0.7096774193548387,0.020022246941045596,0.027808676307007785,0.6391752577319587,0.6460481099656358,0.10051546391752578,0.27405498281786944,0.31529209621993126,0.6434707903780069
noise,mosei,MoMKE,3,av,,,0.1,,hard,hard,50,0.2,1165,1165,1165,1164,0.7096774193548387,0.006674082313681828,0.008898776418242438,0.6391752577319587,0.6426116838487973,0.02147766323024055,0.07903780068728522,0.2551546391752577,0.6211340206185567
noise,mosei,MoMKE,3,av,,,0.2,,selected,cross_mask,8,0.525,1165,1165,1165,1164,0.7096774193548387,0.020022246941045596,0.027808676307007785,0.6391752577319587,0.6460481099656358,0.10051546391752578,0.27405498281786944,0.31529209621993126,0.6434707903780069
noise,mosei,MoMKE,3,av,,,0.2,,hard,hard,20,0.17500000000000002,1165,1165,1165,1164,0.7096774193548387,0.0033370411568408587,0.0022246941045606095,0.6391752577319587,0.6434707903780069,0.03608247422680412,0.11597938144329897,0.2706185567010309,0.6134020618556701
noise,mosei,MoMKE,3,av,,,0.3,,selected,cross_mask,8,0.525,1165,1165,1165,1164,0.7096774193548387,0.020022246941045596,0.027808676307007785,0.6391752577319587,0.6460481099656358,0.10051546391752578,0.27405498281786944,0.31529209621993126,0.6434707903780069
noise,mosei,MoMKE,3,av,,,0.3,,hard,hard,50,0.17500000000000002,1165,1165,1165,1164,0.7096774193548387,0.0022246941045606095,0.005561735261401468,0.6391752577319587,0.6434707903780069,0.005154639175257732,0.4518900343642612,0.027491408934707903,0.5876288659793815
noise,mosei,MoMKE,3,av,,,0.4,,selected,cross_mask,8,0.525,1165,1165,1165,1164,0.7096774193548387,0.020022246941045596,0.027808676307007785,0.6391752577319587,0.6460481099656358,0.10051546391752578,0.27405498281786944,0.31529209621993126,0.6434707903780069
noise,mosei,MoMKE,3,av,,,0.4,,hard,hard,5,0.05,1165,1165,1165,1164,0.7096774193548387,-0.0011123470522803602,0.0,0.6391752577319587,0.6374570446735395,0.01632302405498282,0.023195876288659795,0.218213058419244,0.5395189003436426
noise,mosei,MoMKE,4,av,,,0.1,,selected,cross_mask,3,0.7000000000000001,1165,1165,1165,1164,0.7166853303471444,0.017917133258678608,0.03023516237402013,0.6297250859106529,0.6426116838487973,0.06786941580756013,0.30927835051546393,0.33419243986254293,0.6417525773195877
noise,mosei,MoMKE,4,av,,,0.1,,hard,hard,35,0.275,1165,1165,1165,1164,0.7166853303471444,0.0033594624860022737,0.004479283314669624,0.6297250859106529,0.6331615120274914,0.054982817869415807,0.18556701030927836,0.18470790378006874,0.6237113402061856
noise,mosei,MoMKE,4,av,,,0.2,,selected,cross_mask,3,0.7000000000000001,1165,1165,1165,1164,0.7166853303471444,0.017917133258678608,0.03023516237402013,0.6297250859106529,0.6426116838487973,0.06786941580756013,0.30927835051546393,0.33419243986254293,0.6417525773195877
noise,mosei,MoMKE,4,av,,,0.2,,hard,hard,50,0.0,1165,1165,1165,1164,0.7166853303471444,0.0,0.0,0.6297250859106529,0.6297250859106529,0.0,0.0,1.0,0.6082474226804123
noise,mosei,MoMKE,4,av,,,0.3,,selected,cross_mask,3,0.7000000000000001,1165,1165,1165,1164,0.7166853303471444,0.017917133258678608,0.03023516237402013,0.6297250859106529,0.6426116838487973,0.06786941580756013,0.30927835051546393,0.33419243986254293,0.6417525773195877
noise,mosei,MoMKE,4,av,,,0.3,,hard,hard,8,0.05,1165,1165,1165,1164,0.7166853303471444,0.0,0.012318029115341522,0.6297250859106529,0.627147766323024,0.000859106529209622,0.000859106529209622,0.390893470790378,0.5747422680412371
noise,mosei,MoMKE,4,av,,,0.4,,selected,cross_mask,3,0.7000000000000001,1165,1165,1165,1164,0.7166853303471444,0.017917133258678608,0.03023516237402013,0.6297250859106529,0.6426116838487973,0.06786941580756013,0.30927835051546393,0.33419243986254293,0.6417525773195877
noise,mosei,MoMKE,4,av,,,0.4,,hard,hard,3,0.0,1165,1165,1165,1164,0.7166853303471444,0.0,0.0,0.6297250859106529,0.6297250859106529,0.0,0.0,1.0,0.5171821305841925
