family,dataset,condition,target,seed,alpha,delta,beta,base_metric,apply_rate,joint_harm,cond_harm,acc_gain,loss_gain,blanket_acc_gain,blanket_loss_gain,blanket_joint_harm,target_accuracy,q_hat,n_conf,n_test,exchangeable
dcl,dcl_condition_specialist,low_cost_accels_only,hard,0,0.2,0.0,0.925,0.510097,0.506358,0.056096,0.110783,0.241586,2.383703,0.237846,2.913752,0.430815,0.727749,0.629007,1336,1337,True
dcl,dcl_condition_specialist,low_cost_accels_only,hard,0,0.2,0.01,0.925,0.510097,0.507105,0.056096,0.110619,0.241586,2.383696,0.237846,2.913752,0.430067,0.727749,0.629007,1336,1337,True
dcl,dcl_condition_specialist,low_cost_accels_only,hard,0,0.2,0.05,0.925,0.510097,0.538519,0.056096,0.104167,0.241586,2.384468,0.237846,2.913752,0.398654,0.727749,0.629007,1336,1337,True
dcl,dcl_condition_specialist,low_cost_accels_only,hard,0,0.2,0.1,0.925,0.510097,0.575168,0.056096,0.097529,0.241586,2.395722,0.237846,2.913752,0.366492,0.727749,0.629007,1336,1337,True
dcl,dcl_condition_specialist,low_cost_accels_only,hard,0,0.2,0.25,0.925,0.510097,0.67988,0.056096,0.082508,0.242334,2.399701,0.237846,2.913752,0.266268,0.727749,0.629007,1336,1337,True
dcl,dcl_condition_specialist,low_cost_accels_only,hard,0,0.2,0.5,0.925,0.510097,0.830965,0.056096,0.067507,0.241586,2.564418,0.237846,2.913752,0.15632,0.727749,0.629007,1336,1337,True
dcl,dcl_full_masked,low_cost_accels_only,hard,0,0.2,0.0,0.975,0.365744,0.643979,0.044877,0.069686,0.34555,2.627734,0.362752,3.601671,0.248317,0.727749,0.62943,1336,1337,True
dcl,dcl_full_masked,low_cost_accels_only,hard,0,0.2,0.01,0.975,0.365744,0.644727,0.044877,0.069606,0.34555,2.627732,0.362752,3.601671,0.247569,0.727749,0.62943,1336,1337,True
dcl,dcl_full_masked,low_cost_accels_only,hard,0,0.2,0.05,0.975,0.365744,0.68362,0.044129,0.064551,0.34555,2.635255,0.362752,3.601671,0.209424,0.727749,0.62943,1336,1337,True
dcl,dcl_full_masked,low_cost_accels_only,hard,0,0.2,0.1,0.975,0.365744,0.700075,0.043381,0.061966,0.34555,2.638273,0.362752,3.601671,0.193717,0.727749,0.62943,1336,1337,True
dcl,dcl_full_masked,low_cost_accels_only,hard,0,0.2,0.25,0.975,0.365744,0.756918,0.043381,0.057312,0.344802,2.680586,0.362752,3.601671,0.145849,0.727749,0.62943,1336,1337,True
dcl,dcl_full_masked,low_cost_accels_only,hard,0,0.2,0.5,0.975,0.365744,0.844428,0.042633,0.050487,0.344054,2.937197,0.362752,3.601671,0.100224,0.727749,0.62943,1336,1337,True
dcl,dcl_condition_specialist,no_shoes,hard,0,0.2,0.0,0.75,0.670157,0.347794,0.033657,0.096774,0.116679,0.588532,0.136126,1.084264,0.525804,0.768886,0.559333,1336,1337,True
dcl,dcl_condition_specialist,no_shoes,hard,0,0.2,0.01,0.75,0.670157,0.350037,0.033657,0.096154,0.116679,0.588517,0.136126,1.084264,0.52356,0.768886,0.559333,1336,1337,True
dcl,dcl_condition_specialist,no_shoes,hard,0,0.2,0.05,0.75,0.670157,0.405385,0.032162,0.079336,0.116679,0.59023,0.136126,1.084264,0.467464,0.768886,0.559333,1336,1337,True
dcl,dcl_condition_specialist,no_shoes,hard,0,0.2,0.1,0.75,0.670157,0.45101,0.032162,0.07131,0.117427,0.593067,0.136126,1.084264,0.424084,0.768886,0.559333,1336,1337,True
dcl,dcl_condition_specialist,no_shoes,hard,0,0.2,0.25,0.75,0.670157,0.602094,0.027674,0.045963,0.117427,0.638996,0.136126,1.084264,0.288706,0.768886,0.559333,1336,1337,True
dcl,dcl_condition_specialist,no_shoes,hard,0,0.2,0.5,0.75,0.670157,0.813762,0.023934,0.029412,0.117427,0.799246,0.136126,1.084264,0.119671,0.768886,0.559333,1336,1337,True
dcl,dcl_full_masked,no_shoes,hard,0,0.2,0.0,0.925,0.598355,0.462977,0.047868,0.103393,0.153328,1.200699,0.166791,2.08785,0.436051,0.768886,0.592998,1336,1337,True
dcl,dcl_full_masked,no_shoes,hard,0,0.2,0.01,0.925,0.598355,0.462977,0.047868,0.103393,0.153328,1.200699,0.166791,2.08785,0.436051,0.768886,0.592998,1336,1337,True
dcl,dcl_full_masked,no_shoes,hard,0,0.2,0.05,0.925,0.598355,0.512341,0.047868,0.093431,0.153328,1.205674,0.166791,2.08785,0.388182,0.768886,0.592998,1336,1337,True
dcl,dcl_full_masked,no_shoes,hard,0,0.2,0.1,0.925,0.598355,0.559461,0.047868,0.085561,0.153328,1.216222,0.166791,2.08785,0.343306,0.768886,0.592998,1336,1337,True
dcl,dcl_full_masked,no_shoes,hard,0,0.2,0.25,0.925,0.598355,0.668661,0.048616,0.072707,0.153328,1.262549,0.166791,2.08785,0.246821,0.768886,0.592998,1336,1337,True
dcl,dcl_full_masked,no_shoes,hard,0,0.2,0.5,0.925,0.598355,0.835453,0.045625,0.054611,0.153328,1.49732,0.166791,2.08785,0.121167,0.768886,0.592998,1336,1337,True
dcl,dcl_condition_specialist,no_imu_family,hard,0,0.2,0.0,0.9,0.547494,0.487659,0.062827,0.128834,0.238594,2.064372,0.210172,2.370503,0.480927,0.73448,0.621781,1336,1337,True
dcl,dcl_condition_specialist,no_imu_family,hard,0,0.2,0.01,0.9,0.547494,0.492147,0.062827,0.12766,0.238594,2.064344,0.210172,2.370503,0.47644,0.73448,0.621781,1336,1337,True
dcl,dcl_condition_specialist,no_imu_family,hard,0,0.2,0.05,0.9,0.547494,0.518325,0.062827,0.121212,0.238594,2.06365,0.210172,2.370503,0.449514,0.73448,0.621781,1336,1337,True
dcl,dcl_condition_specialist,no_imu_family,hard,0,0.2,0.1,0.9,0.547494,0.567689,0.062827,0.110672,0.239342,2.060144,0.210172,2.370503,0.40015,0.73448,0.621781,1336,1337,True
dcl,dcl_condition_specialist,no_imu_family,hard,0,0.2,0.25,0.9,0.547494,0.685116,0.061331,0.08952,0.23635,2.0996,0.210172,2.370503,0.295438,0.73448,0.621781,1336,1337,True
dcl,dcl_condition_specialist,no_imu_family,hard,0,0.2,0.5,0.9,0.547494,0.819746,0.059835,0.072993,0.235602,2.187044,0.210172,2.370503,0.190726,0.73448,0.621781,1336,1337,True
dcl,dcl_full_masked,no_imu_family,hard,0,0.2,0.0,0.95,0.496634,0.51982,0.059088,0.113669,0.278983,1.89781,0.246821,2.280891,0.444278,0.73448,0.629406,1336,1337,True
dcl,dcl_full_masked,no_imu_family,hard,0,0.2,0.01,0.95,0.496634,0.520568,0.059088,0.113506,0.278983,1.897804,0.246821,2.280891,0.44353,0.73448,0.629406,1336,1337,True
dcl,dcl_full_masked,no_imu_family,hard,0,0.2,0.05,0.95,0.496634,0.551982,0.059088,0.107046,0.278983,1.896962,0.246821,2.280891,0.412117,0.73448,0.629406,1336,1337,True
dcl,dcl_full_masked,no_imu_family,hard,0,0.2,0.1,0.95,0.496634,0.592371,0.059088,0.099747,0.278983,1.903712,0.246821,2.280891,0.373224,0.73448,0.629406,1336,1337,True
dcl,dcl_full_masked,no_imu_family,hard,0,0.2,0.25,0.95,0.496634,0.685116,0.057592,0.084061,0.279731,1.941665,0.246821,2.280891,0.290202,0.73448,0.629406,1336,1337,True
dcl,dcl_full_masked,no_imu_family,hard,0,0.2,0.5,0.95,0.496634,0.816006,0.053104,0.065078,0.278235,2.086245,0.246821,2.280891,0.18549,0.73448,0.629406,1336,1337,True
dcl,dcl_condition_specialist,severe_three_sensors,hard,0,0.2,0.0,0.825,0.688108,0.29469,0.026926,0.091371,0.106208,0.893304,0.107704,1.76807,0.584892,0.782349,0.572294,1336,1337,True
dcl,dcl_condition_specialist,severe_three_sensors,hard,0,0.2,0.01,0.825,0.688108,0.296933,0.027674,0.093199,0.106208,0.89199,0.107704,1.76807,0.582648,0.782349,0.572294,1336,1337,True
dcl,dcl_condition_specialist,severe_three_sensors,hard,0,0.2,0.05,0.825,0.688108,0.372476,0.027674,0.074297,0.106208,0.901345,0.107704,1.76807,0.507105,0.782349,0.572294,1336,1337,True
dcl,dcl_condition_specialist,severe_three_sensors,hard,0,0.2,0.1,0.825,0.688108,0.436799,0.026926,0.061644,0.106208,0.954542,0.107704,1.76807,0.449514,0.782349,0.572294,1336,1337,True
dcl,dcl_condition_specialist,severe_three_sensors,hard,0,0.2,0.25,0.825,0.688108,0.60733,0.027674,0.045567,0.106208,1.020573,0.107704,1.76807,0.296933,0.782349,0.572294,1336,1337,True
dcl,dcl_condition_specialist,severe_three_sensors,hard,0,0.2,0.5,0.825,0.688108,0.786836,0.027674,0.035171,0.106208,1.123059,0.107704,1.76807,0.144353,0.782349,0.572294,1336,1337,True
dcl,dcl_full_masked,severe_three_sensors,hard,0,0.2,0.0,0.975,0.529544,0.501122,0.063575,0.126866,0.263276,3.821314,0.257292,4.496457,0.462977,0.782349,0.6045,1336,1337,True
dcl,dcl_full_masked,severe_three_sensors,hard,0,0.2,0.01,0.975,0.529544,0.50187,0.063575,0.126677,0.263276,3.821307,0.257292,4.496457,0.462229,0.782349,0.6045,1336,1337,True
dcl,dcl_full_masked,severe_three_sensors,hard,0,0.2,0.05,0.975,0.529544,0.557218,0.063575,0.114094,0.263276,3.831225,0.257292,4.496457,0.408377,0.782349,0.6045,1336,1337,True
dcl,dcl_full_masked,severe_three_sensors,hard,0,0.2,0.1,0.975,0.529544,0.582648,0.063575,0.109114,0.263276,3.863221,0.257292,4.496457,0.387435,0.782349,0.6045,1336,1337,True
dcl,dcl_full_masked,severe_three_sensors,hard,0,0.2,0.25,0.975,0.529544,0.697831,0.065071,0.093248,0.261032,3.906743,0.257292,4.496457,0.282723,0.782349,0.6045,1336,1337,True
dcl,dcl_full_masked,severe_three_sensors,hard,0,0.2,0.5,0.975,0.529544,0.853403,0.05834,0.068361,0.261032,4.083129,0.257292,4.496457,0.147345,0.782349,0.6045,1336,1337,True
dcl,dcl_condition_specialist,low_cost_accels_only,hard,1,0.2,0.0,0.975,0.5273,0.519073,0.077786,0.149856,0.231862,1.536667,0.228871,1.865169,0.450262,0.752431,0.609811,1336,1337,True
dcl,dcl_condition_specialist,low_cost_accels_only,hard,1,0.2,0.01,0.975,0.5273,0.522064,0.077786,0.148997,0.231862,1.539787,0.228871,1.865169,0.448018,0.752431,0.609811,1336,1337,True
dcl,dcl_condition_specialist,low_cost_accels_only,hard,1,0.2,0.05,0.975,0.5273,0.571429,0.078534,0.137435,0.231862,1.538757,0.228871,1.865169,0.401645,0.752431,0.609811,1336,1337,True
dcl,dcl_condition_specialist,low_cost_accels_only,hard,1,0.2,0.1,0.975,0.5273,0.615557,0.078534,0.127582,0.231862,1.542563,0.228871,1.865169,0.361257,0.752431,0.609811,1336,1337,True
dcl,dcl_condition_specialist,low_cost_accels_only,hard,1,0.2,0.25,0.975,0.5273,0.729993,0.078534,0.107582,0.230366,1.550671,0.228871,1.865169,0.256545,0.752431,0.609811,1336,1337,True
dcl,dcl_condition_specialist,low_cost_accels_only,hard,1,0.2,0.5,0.975,0.5273,0.855647,0.07629,0.089161,0.229619,1.622162,0.228871,1.865169,0.154076,0.752431,0.609811,1336,1337,True
dcl,dcl_full_masked,low_cost_accels_only,hard,1,0.2,0.0,0.975,0.324607,0.703067,0.04712,0.067021,0.417352,2.450939,0.427823,2.815884,0.252805,0.752431,0.609978,1336,1337,True
dcl,dcl_full_masked,low_cost_accels_only,hard,1,0.2,0.01,0.975,0.324607,0.703815,0.04712,0.06695,0.417352,2.450935,0.427823,2.815884,0.252057,0.752431,0.609978,1336,1337,True
dcl,dcl_full_masked,low_cost_accels_only,hard,1,0.2,0.05,0.975,0.324607,0.747195,0.04712,0.063063,0.417352,2.456033,0.427823,2.815884,0.210172,0.752431,0.609978,1336,1337,True
dcl,dcl_full_masked,low_cost_accels_only,hard,1,0.2,0.1,0.975,0.324607,0.771877,0.046372,0.060078,0.418848,2.471621,0.427823,2.815884,0.18923,0.752431,0.609978,1336,1337,True
dcl,dcl_full_masked,low_cost_accels_only,hard,1,0.2,0.25,0.975,0.324607,0.826477,0.046372,0.056109,0.419596,2.477961,0.427823,2.815884,0.141361,0.752431,0.609978,1336,1337,True
dcl,dcl_full_masked,low_cost_accels_only,hard,1,0.2,0.5,0.975,0.324607,0.907255,0.044129,0.04864,0.420344,2.578581,0.427823,2.815884,0.086013,0.752431,0.609978,1336,1337,True
dcl,dcl_condition_specialist,no_shoes,hard,1,0.2,0.0,0.875,0.659686,0.359013,0.057592,0.160417,0.124907,0.782101,0.125654,1.280984,0.565445,0.780853,0.558574,1336,1337,True
dcl,dcl_condition_specialist,no_shoes,hard,1,0.2,0.01,0.875,0.659686,0.361257,0.057592,0.15942,0.124907,0.782088,0.125654,1.280984,0.563201,0.780853,0.558574,1336,1337,True
dcl,dcl_condition_specialist,no_shoes,hard,1,0.2,0.05,0.875,0.659686,0.449514,0.057592,0.12812,0.124907,0.780113,0.125654,1.280984,0.474196,0.780853,0.558574,1336,1337,True
dcl,dcl_condition_specialist,no_shoes,hard,1,0.2,0.1,0.875,0.659686,0.510097,0.05834,0.11437,0.124159,0.781924,0.125654,1.280984,0.416604,0.780853,0.558574,1336,1337,True
dcl,dcl_condition_specialist,no_shoes,hard,1,0.2,0.25,0.875,0.659686,0.646971,0.056844,0.087861,0.122663,0.808247,0.125654,1.280984,0.288706,0.780853,0.558574,1336,1337,True
dcl,dcl_condition_specialist,no_shoes,hard,1,0.2,0.5,0.875,0.659686,0.823485,0.050112,0.060854,0.121167,0.937507,0.125654,1.280984,0.138369,0.780853,0.558574,1336,1337,True
dcl,dcl_full_masked,no_shoes,hard,1,0.2,0.0,0.975,0.546746,0.49813,0.067315,0.135135,0.237846,1.76726,0.235602,2.246305,0.471204,0.780853,0.551474,1336,1337,True
dcl,dcl_full_masked,no_shoes,hard,1,0.2,0.01,0.975,0.546746,0.501122,0.067315,0.134328,0.237846,1.767238,0.235602,2.246305,0.468212,0.780853,0.551474,1336,1337,True
dcl,dcl_full_masked,no_shoes,hard,1,0.2,0.05,0.975,0.546746,0.582648,0.066567,0.114249,0.237846,1.765003,0.235602,2.246305,0.385939,0.780853,0.551474,1336,1337,True
dcl,dcl_full_masked,no_shoes,hard,1,0.2,0.1,0.975,0.546746,0.621541,0.066567,0.1071,0.237846,1.767516,0.235602,2.246305,0.347794,0.780853,0.551474,1336,1337,True
dcl,dcl_full_masked,no_shoes,hard,1,0.2,0.25,0.975,0.546746,0.715034,0.065819,0.09205,0.237846,1.797568,0.235602,2.246305,0.259536,0.780853,0.551474,1336,1337,True
dcl,dcl_full_masked,no_shoes,hard,1,0.2,0.5,0.975,0.546746,0.838444,0.065819,0.078501,0.237846,1.916252,0.235602,2.246305,0.16006,0.780853,0.551474,1336,1337,True
dcl,dcl_condition_specialist,no_imu_family,hard,1,0.2,0.0,0.925,0.512341,0.528796,0.097233,0.183876,0.257292,2.052903,0.243082,2.389077,0.477936,0.742708,0.592158,1336,1337,True
dcl,dcl_condition_specialist,no_imu_family,hard,1,0.2,0.01,0.925,0.512341,0.53104,0.097233,0.183099,0.257292,2.052893,0.243082,2.389077,0.475692,0.742708,0.592158,1336,1337,True
dcl,dcl_condition_specialist,no_imu_family,hard,1,0.2,0.05,0.925,0.512341,0.567689,0.097233,0.171278,0.257292,2.05202,0.243082,2.389077,0.439791,0.742708,0.592158,1336,1337,True
dcl,dcl_condition_specialist,no_imu_family,hard,1,0.2,0.1,0.925,0.512341,0.608078,0.097981,0.161132,0.257292,2.058231,0.243082,2.389077,0.402393,0.742708,0.592158,1336,1337,True
dcl,dcl_condition_specialist,no_imu_family,hard,1,0.2,0.25,0.925,0.512341,0.712042,0.094989,0.133403,0.25804,2.073091,0.243082,2.389077,0.305161,0.742708,0.592158,1336,1337,True
dcl,dcl_condition_specialist,no_imu_family,hard,1,0.2,0.5,0.925,0.512341,0.845176,0.089005,0.10531,0.255049,2.119367,0.243082,2.389077,0.184742,0.742708,0.592158,1336,1337,True
dcl,dcl_full_masked,no_imu_family,hard,1,0.2,0.0,0.95,0.486163,0.560957,0.092745,0.165333,0.270007,1.892654,0.259536,2.292046,0.427076,0.742708,0.599942,1336,1337,True
dcl,dcl_full_masked,no_imu_family,hard,1,0.2,0.01,0.95,0.486163,0.564697,0.092745,0.164238,0.270007,1.895109,0.259536,2.292046,0.424084,0.742708,0.599942,1336,1337,True
dcl,dcl_full_masked,no_imu_family,hard,1,0.2,0.05,0.95,0.486163,0.598355,0.092745,0.155,0.270007,1.894537,0.259536,2.292046,0.391174,0.742708,0.599942,1336,1337,True
dcl,dcl_full_masked,no_imu_family,hard,1,0.2,0.1,0.95,0.486163,0.643231,0.091997,0.143023,0.270007,1.895633,0.259536,2.292046,0.346298,0.742708,0.599942,1336,1337,True
dcl,dcl_full_masked,no_imu_family,hard,1,0.2,0.25,0.95,0.486163,0.742708,0.091249,0.12286,0.270755,1.926955,0.259536,2.292046,0.25804,0.742708,0.599942,1336,1337,True
dcl,dcl_full_masked,no_imu_family,hard,1,0.2,0.5,0.95,0.486163,0.852655,0.089005,0.104386,0.270755,2.002687,0.259536,2.292046,0.169783,0.742708,0.599942,1336,1337,True
dcl,dcl_condition_specialist,severe_three_sensors,hard,1,0.2,0.0,0.925,0.604338,0.400898,0.04712,0.117537,0.198953,2.097923,0.213164,2.741744,0.537771,0.801795,0.55076,1336,1337,True
dcl,dcl_condition_specialist,severe_three_sensors,hard,1,0.2,0.01,0.925,0.604338,0.403141,0.04712,0.116883,0.198953,2.097909,0.213164,2.741744,0.535527,0.801795,0.55076,1336,1337,True
dcl,dcl_condition_specialist,severe_three_sensors,hard,1,0.2,0.05,0.925,0.604338,0.458489,0.04712,0.102773,0.198953,2.09644,0.213164,2.741744,0.479432,0.801795,0.55076,1336,1337,True
dcl,dcl_condition_specialist,severe_three_sensors,hard,1,0.2,0.1,0.925,0.604338,0.52356,0.047868,0.091429,0.198953,2.097755,0.213164,2.741744,0.417352,0.801795,0.55076,1336,1337,True
dcl,dcl_condition_specialist,severe_three_sensors,hard,1,0.2,0.25,0.925,0.604338,0.655946,0.047868,0.072976,0.198953,2.138546,0.213164,2.741744,0.29095,0.801795,0.55076,1336,1337,True
dcl,dcl_condition_specialist,severe_three_sensors,hard,1,0.2,0.5,0.925,0.604338,0.8362,0.047868,0.057245,0.198205,2.243024,0.213164,2.741744,0.137622,0.801795,0.55076,1336,1337,True
dcl,dcl_full_masked,severe_three_sensors,hard,1,0.2,0.0,0.975,0.489155,0.50561,0.04712,0.093195,0.318624,3.084429,0.318624,3.727131,0.438295,0.801795,0.551361,1336,1337,True
dcl,dcl_full_masked,severe_three_sensors,hard,1,0.2,0.01,0.975,0.489155,0.50561,0.04712,0.093195,0.318624,3.084429,0.318624,3.727131,0.438295,0.801795,0.551361,1336,1337,True
dcl,dcl_full_masked,severe_three_sensors,hard,1,0.2,0.05,0.975,0.489155,0.546746,0.047868,0.087551,0.318624,3.083238,0.318624,3.727131,0.397906,0.801795,0.551361,1336,1337,True
dcl,dcl_full_masked,severe_three_sensors,hard,1,0.2,0.1,0.975,0.489155,0.585639,0.047868,0.081737,0.318624,3.086691,0.318624,3.727131,0.359761,0.801795,0.551361,1336,1337,True
dcl,dcl_full_masked,severe_three_sensors,hard,1,0.2,0.25,0.975,0.489155,0.70531,0.04712,0.066808,0.318624,3.152273,0.318624,3.727131,0.249813,0.801795,0.551361,1336,1337,True
dcl,dcl_full_masked,severe_three_sensors,hard,1,0.2,0.5,0.975,0.489155,0.851907,0.046372,0.054434,0.317876,3.315627,0.318624,3.727131,0.131638,0.801795,0.551361,1336,1337,True
dcl,dcl_condition_specialist,low_cost_accels_only,hard,2,0.2,0.0,0.925,0.55273,0.449514,0.056844,0.126456,0.216156,2.049326,0.222887,2.71312,0.47644,0.774869,0.610504,1336,1337,True
dcl,dcl_condition_specialist,low_cost_accels_only,hard,2,0.2,0.01,0.925,0.55273,0.449514,0.056844,0.126456,0.216156,2.049326,0.222887,2.71312,0.47644,0.774869,0.610504,1336,1337,True
dcl,dcl_condition_specialist,low_cost_accels_only,hard,2,0.2,0.05,0.925,0.55273,0.496634,0.057592,0.115964,0.216156,2.050666,0.222887,2.71312,0.430815,0.774869,0.610504,1336,1337,True
dcl,dcl_condition_specialist,low_cost_accels_only,hard,2,0.2,0.1,0.925,0.55273,0.545251,0.057592,0.105624,0.216904,2.081743,0.222887,2.71312,0.38893,0.774869,0.610504,1336,1337,True
dcl,dcl_condition_specialist,low_cost_accels_only,hard,2,0.2,0.25,0.925,0.55273,0.65445,0.057592,0.088,0.216904,2.130113,0.222887,2.71312,0.291698,0.774869,0.610504,1336,1337,True
dcl,dcl_condition_specialist,low_cost_accels_only,hard,2,0.2,0.5,0.925,0.55273,0.805535,0.056096,0.069638,0.217651,2.255847,0.222887,2.71312,0.168287,0.774869,0.610504,1336,1337,True
dcl,dcl_full_masked,low_cost_accels_only,hard,2,0.2,0.0,0.975,0.454749,0.617053,0.061331,0.099394,0.311892,1.511623,0.322364,1.929269,0.330591,0.774869,0.615862,1336,1337,True
dcl,dcl_full_masked,low_cost_accels_only,hard,2,0.2,0.01,0.975,0.454749,0.620793,0.060583,0.09759,0.311892,1.511615,0.322364,1.929269,0.326103,0.774869,0.615862,1336,1337,True
dcl,dcl_full_masked,low_cost_accels_only,hard,2,0.2,0.05,0.975,0.454749,0.643979,0.060583,0.094077,0.31264,1.51361,0.322364,1.929269,0.304413,0.774869,0.615862,1336,1337,True
dcl,dcl_full_masked,low_cost_accels_only,hard,2,0.2,0.1,0.975,0.454749,0.675393,0.060583,0.089701,0.311892,1.520915,0.322364,1.929269,0.275243,0.774869,0.615862,1336,1337,True
dcl,dcl_full_masked,low_cost_accels_only,hard,2,0.2,0.25,0.975,0.454749,0.757666,0.062079,0.081935,0.311144,1.548687,0.322364,1.929269,0.205684,0.774869,0.615862,1336,1337,True
dcl,dcl_full_masked,low_cost_accels_only,hard,2,0.2,0.5,0.975,0.454749,0.863874,0.056844,0.065801,0.311892,1.627749,0.322364,1.929269,0.124159,0.774869,0.615862,1336,1337,True
dcl,dcl_condition_specialist,no_shoes,hard,2,0.2,0.0,0.9,0.591623,0.441286,0.060583,0.137288,0.182498,1.068274,0.206432,1.463004,0.486911,0.797307,0.57636,1336,1337,True
dcl,dcl_condition_specialist,no_shoes,hard,2,0.2,0.01,0.9,0.591623,0.44727,0.061331,0.137124,0.182498,1.067613,0.206432,1.463004,0.481675,0.797307,0.57636,1336,1337,True
dcl,dcl_condition_specialist,no_shoes,hard,2,0.2,0.05,0.9,0.591623,0.500374,0.060583,0.121076,0.182498,1.066252,0.206432,1.463004,0.42558,0.797307,0.57636,1336,1337,True
dcl,dcl_condition_specialist,no_shoes,hard,2,0.2,0.1,0.9,0.591623,0.554974,0.059088,0.106469,0.183246,1.077599,0.206432,1.463004,0.373972,0.797307,0.57636,1336,1337,True
dcl,dcl_condition_specialist,no_shoes,hard,2,0.2,0.25,0.9,0.591623,0.677636,0.056844,0.083885,0.183994,1.108332,0.206432,1.463004,0.261032,0.797307,0.57636,1336,1337,True
dcl,dcl_condition_specialist,no_shoes,hard,2,0.2,0.5,0.9,0.591623,0.827973,0.056096,0.067751,0.183246,1.165535,0.206432,1.463004,0.140613,0.797307,0.57636,1336,1337,True
dcl,dcl_full_masked,no_shoes,hard,2,0.2,0.0,0.975,0.609574,0.492895,0.062079,0.125948,0.180254,0.934242,0.188482,1.320562,0.462229,0.797307,0.590396,1336,1337,True
dcl,dcl_full_masked,no_shoes,hard,2,0.2,0.01,0.975,0.609574,0.495138,0.062079,0.125378,0.180254,0.934232,0.188482,1.320562,0.459985,0.797307,0.590396,1336,1337,True
dcl,dcl_full_masked,no_shoes,hard,2,0.2,0.05,0.975,0.609574,0.557966,0.062827,0.112601,0.180254,0.93633,0.188482,1.320562,0.399402,0.797307,0.590396,1336,1337,True
dcl,dcl_full_masked,no_shoes,hard,2,0.2,0.1,0.975,0.609574,0.602842,0.062079,0.102978,0.182498,0.952606,0.188482,1.320562,0.359761,0.797307,0.590396,1336,1337,True
dcl,dcl_full_masked,no_shoes,hard,2,0.2,0.25,0.975,0.609574,0.727001,0.061331,0.084362,0.18175,0.992923,0.188482,1.320562,0.249065,0.797307,0.590396,1336,1337,True
dcl,dcl_full_masked,no_shoes,hard,2,0.2,0.5,0.975,0.609574,0.866866,0.059088,0.068162,0.183994,1.074776,0.188482,1.320562,0.132386,0.797307,0.590396,1336,1337,True
dcl,dcl_condition_specialist,no_imu_family,hard,2,0.2,0.0,0.925,0.537023,0.490651,0.07255,0.147866,0.251309,2.275515,0.234854,2.549967,0.486163,0.761406,0.610831,1336,1337,True
dcl,dcl_condition_specialist,no_imu_family,hard,2,0.2,0.01,0.925,0.537023,0.491399,0.07255,0.147641,0.251309,2.275512,0.234854,2.549967,0.485415,0.761406,0.610831,1336,1337,True
dcl,dcl_condition_specialist,no_imu_family,hard,2,0.2,0.05,0.925,0.537023,0.5273,0.07255,0.137589,0.251309,2.278662,0.234854,2.549967,0.45101,0.761406,0.610831,1336,1337,True
dcl,dcl_condition_specialist,no_imu_family,hard,2,0.2,0.1,0.925,0.537023,0.572177,0.07255,0.126797,0.252057,2.284604,0.234854,2.549967,0.409125,0.761406,0.610831,1336,1337,True
dcl,dcl_condition_specialist,no_imu_family,hard,2,0.2,0.25,0.925,0.537023,0.679132,0.07255,0.106828,0.251309,2.285802,0.234854,2.549967,0.308153,0.761406,0.610831,1336,1337,True
dcl,dcl_condition_specialist,no_imu_family,hard,2,0.2,0.5,0.925,0.537023,0.845924,0.071055,0.083996,0.250561,2.37462,0.234854,2.549967,0.171279,0.761406,0.610831,1336,1337,True
dcl,dcl_full_masked,no_imu_family,hard,2,0.2,0.0,0.975,0.222887,0.836948,0.035153,0.042002,0.537023,2.633959,0.540015,2.746251,0.148841,0.761406,0.609747,1336,1337,True
dcl,dcl_full_masked,no_imu_family,hard,2,0.2,0.01,0.975,0.222887,0.838444,0.035153,0.041927,0.537023,2.637266,0.540015,2.746251,0.148093,0.761406,0.609747,1336,1337,True
dcl,dcl_full_masked,no_imu_family,hard,2,0.2,0.05,0.975,0.222887,0.84742,0.032909,0.038835,0.537023,2.643029,0.540015,2.746251,0.139117,0.761406,0.609747,1336,1337,True
dcl,dcl_full_masked,no_imu_family,hard,2,0.2,0.1,0.975,0.222887,0.854899,0.032909,0.038495,0.537023,2.642424,0.540015,2.746251,0.131638,0.761406,0.609747,1336,1337,True
dcl,dcl_full_masked,no_imu_family,hard,2,0.2,0.25,0.975,0.222887,0.889304,0.032162,0.036165,0.537771,2.643843,0.540015,2.746251,0.102468,0.761406,0.609747,1336,1337,True
dcl,dcl_full_masked,no_imu_family,hard,2,0.2,0.5,0.975,0.222887,0.938669,0.027674,0.029482,0.534031,2.659192,0.540015,2.746251,0.05834,0.761406,0.609747,1336,1337,True
dcl,dcl_condition_specialist,severe_three_sensors,hard,2,0.2,0.0,0.85,0.672401,0.336574,0.041137,0.122222,0.133882,1.457672,0.140613,2.113697,0.587883,0.798055,0.570756,1336,1337,True
dcl,dcl_condition_specialist,severe_three_sensors,hard,2,0.2,0.01,0.85,0.672401,0.337322,0.041137,0.121951,0.133882,1.457667,0.140613,2.113697,0.587135,0.798055,0.570756,1336,1337,True
dcl,dcl_condition_specialist,severe_three_sensors,hard,2,0.2,0.05,0.85,0.672401,0.408377,0.041885,0.102564,0.133882,1.45696,0.140613,2.113697,0.518325,0.798055,0.570756,1336,1337,True
dcl,dcl_condition_specialist,severe_three_sensors,hard,2,0.2,0.1,0.85,0.672401,0.485415,0.043381,0.089368,0.133134,1.4621,0.140613,2.113697,0.444278,0.798055,0.570756,1336,1337,True
dcl,dcl_condition_specialist,severe_three_sensors,hard,2,0.2,0.25,0.85,0.672401,0.670157,0.043381,0.064732,0.133134,1.520151,0.140613,2.113697,0.272251,0.798055,0.570756,1336,1337,True
dcl,dcl_condition_specialist,severe_three_sensors,hard,2,0.2,0.5,0.85,0.672401,0.830965,0.041885,0.050405,0.133134,1.564495,0.140613,2.113697,0.128646,0.798055,0.570756,1336,1337,True
dcl,dcl_full_masked,severe_three_sensors,hard,2,0.2,0.0,0.975,0.44727,0.572177,0.059088,0.103268,0.34555,4.004191,0.349289,4.648201,0.39267,0.798055,0.551498,1336,1337,True
dcl,dcl_full_masked,severe_three_sensors,hard,2,0.2,0.01,0.975,0.44727,0.572177,0.059088,0.103268,0.34555,4.004191,0.349289,4.648201,0.39267,0.798055,0.551498,1336,1337,True
dcl,dcl_full_masked,severe_three_sensors,hard,2,0.2,0.05,0.975,0.44727,0.616305,0.059088,0.095874,0.34555,4.00298,0.349289,4.648201,0.348542,0.798055,0.551498,1336,1337,True
dcl,dcl_full_masked,severe_three_sensors,hard,2,0.2,0.1,0.975,0.44727,0.659686,0.059835,0.090703,0.34555,4.013291,0.349289,4.648201,0.308153,0.798055,0.551498,1336,1337,True
dcl,dcl_full_masked,severe_three_sensors,hard,2,0.2,0.25,0.975,0.44727,0.768138,0.059088,0.076923,0.34555,4.084667,0.349289,4.648201,0.21092,0.798055,0.551498,1336,1337,True
dcl,dcl_full_masked,severe_three_sensors,hard,2,0.2,0.5,0.975,0.44727,0.887809,0.059088,0.066554,0.34555,4.204846,0.349289,4.648201,0.112191,0.798055,0.551498,1336,1337,True
