condition,seed,arm,base_acc,d_acc,loss_gain,joint_harm,cond_harm,apply_rate
full,0,conformal gate,0.833060258510832,-0.00018204988166758973,0.04870983399587704,0.010194793373384307,0.03190883190883191,0.3194975423265975
full,0,selector:maxprob,0.833060258510832,0.0,0.116130685147948,0.12251957036227927,0.4066465256797583,0.3012925541598398
full,0,selector:margin,0.833060258510832,0.0,0.116130685147948,0.12251957036227927,0.4066465256797583,0.3012925541598398
full,0,selector:negentropy,0.833060258510832,0.0,0.116130685147948,0.12251957036227927,0.4066465256797583,0.3012925541598398
full,0,selector:agreement,0.833060258510832,0.00018204988166758973,0.048870612208669666,0.005279446568359731,0.017554479418886198,0.3007464045148371
full,0,selector:random,0.833060258510832,0.0014563990533406068,0.10707161682131976,0.1736755871108684,0.5543288785589774,0.3133078463498999
full,1,conformal gate,0.833060258510832,-0.0007281995266703589,0.04864014943980475,0.008738394320043691,0.02761795166858458,0.3164026943382487
full,1,selector:maxprob,0.833060258510832,0.0,0.11623630699419525,0.1214272710722738,0.40596469872185026,0.2991079555798289
full,1,selector:margin,0.833060258510832,0.0,0.11623630699419525,0.1214272710722738,0.40596469872185026,0.2991079555798289
full,1,selector:negentropy,0.833060258510832,0.0,0.11623630699419525,0.1214272710722738,0.40596469872185026,0.2991079555798289
full,1,selector:agreement,0.833060258510832,0.00018204988166758973,0.04410868740061393,0.005279446568359731,0.017978921264724116,0.2936464591298016
full,1,selector:random,0.833060258510832,0.0014563990533406068,0.10420333429237247,0.17221918805752776,0.5541886350322203,0.3107591480065538
full,2,conformal gate,0.833060258510832,0.00018204988166758973,0.04910695771990773,0.01237939195339523,0.038946162657502864,0.3178590933915893
full,2,selector:maxprob,0.833060258510832,0.0,0.11630456200449078,0.12488621882395777,0.4080904223676383,0.3060258510831968
full,2,selector:margin,0.833060258510832,0.0,0.11630456200449078,0.12488621882395777,0.4080904223676383,0.3060258510831968
full,2,selector:negentropy,0.833060258510832,0.0,0.11630456200449078,0.12488621882395777,0.4080904223676383,0.3060258510831968
full,2,selector:agreement,0.833060258510832,0.0,0.049512267966901766,0.006917895503367923,0.022809123649459785,0.3032951028581831
full,2,selector:random,0.833060258510832,0.0007281995266702479,0.10630417447571668,0.17531403604587656,0.5611888111888111,0.312397596941562
prot50,0,conformal gate,0.7221918805752776,0.06644820680866559,0.2580545821576389,0.06899690515201165,0.19317023445463813,0.3571818678317859
prot50,0,selector:maxprob,0.7221918805752776,0.0016384489350081965,0.2478290489228666,0.2667030766430002,0.7682223387519664,0.3471691243400692
prot50,0,selector:margin,0.7221918805752776,0.0016384489350081965,0.2478290489228666,0.2667030766430002,0.7682223387519664,0.3471691243400692
prot50,0,selector:negentropy,0.7221918805752776,0.0016384489350081965,0.2478290489228666,0.2667030766430002,0.7682223387519664,0.3471691243400692
prot50,0,selector:agreement,0.7221918805752776,0.001274349171673017,0.06469754789444701,0.17531403604587656,0.5065754865860074,0.3460768250500637
prot50,0,selector:random,0.7221918805752776,0.025122883670125606,0.19212179975873242,0.2040779173493537,0.5802277432712215,0.3517203713817586
prot50,1,conformal gate,0.7221918805752776,0.06954305479701439,0.22328897930763425,0.04787911887857273,0.1492622020431328,0.3207718914982705
prot50,1,selector:maxprob,0.7221918805752776,0.002002548698343376,0.22226959409291497,0.2421263426178773,0.7719094602437608,0.313671946113235
prot50,1,selector:margin,0.7221918805752776,0.002002548698343376,0.22226959409291497,0.2421263426178773,0.7719094602437608,0.313671946113235
prot50,1,selector:negentropy,0.7221918805752776,0.002002548698343376,0.22226959409291497,0.2421263426178773,0.7719094602437608,0.313671946113235
prot50,1,selector:agreement,0.7221918805752776,0.00036409976333517946,0.05190227300537337,0.13526306207900965,0.4536019536019536,0.298197706171491
prot50,1,selector:random,0.7221918805752776,0.02384853449845259,0.17582802742301976,0.17931913344256326,0.5696934644303066,0.3147642454032405
prot50,2,conformal gate,0.7221918805752776,0.06663025669033318,0.2493358266095995,0.0679046058620062,0.20086160473882606,0.3380666302566903
prot50,2,selector:maxprob,0.7221918805752776,-0.0005461496450027692,0.23961406296832863,0.2708902239213545,0.8104575163398693,0.3342435827416712
prot50,2,selector:margin,0.7221918805752776,-0.0005461496450027692,0.23961406296832863,0.2708902239213545,0.8104575163398693,0.3342435827416712
prot50,2,selector:negentropy,0.7221918805752776,-0.0005461496450027692,0.23961406296832863,0.2708902239213545,0.8104575163398693,0.3342435827416712
prot50,2,selector:agreement,0.7221918805752776,0.0009102494083379487,0.06234001348919199,0.17549608592754415,0.5364496382860323,0.3271436373566357
prot50,2,selector:random,0.7221918805752776,0.02421263426178777,0.1841853157789287,0.1949754232659749,0.5874931431705979,0.3318769342799927
prot25,0,conformal gate,0.5514290915710904,0.15983979610413257,0.8712749899337431,0.0963043874021482,0.2497639282341832,0.3855816493719279
prot25,0,selector:maxprob,0.5514290915710904,0.027307482250136572,0.7852028483157989,0.261605679956308,0.665585919407133,0.3930456945202986
prot25,0,selector:margin,0.5514290915710904,0.027307482250136572,0.7852028483157989,0.261605679956308,0.665585919407133,0.3930456945202986
prot25,0,selector:negentropy,0.5514290915710904,0.027307482250136572,0.7852028483157989,0.261605679956308,0.665585919407133,0.3930456945202986
prot25,0,selector:agreement,0.5514290915710904,0.010194793373384359,0.17245763039732878,0.2406699435645367,0.6590229312063809,0.3651920626251593
prot25,0,selector:random,0.5514290915710904,0.06535590751866016,0.5752744144997028,0.1978882213726561,0.5163895486935867,0.3832150009102494
prot25,1,conformal gate,0.5514290915710904,0.15965774622246498,0.8702573042303994,0.09812488621882395,0.251986909770921,0.389404696886947
prot25,1,selector:maxprob,0.5514290915710904,0.03367922810850177,0.8200011165149657,0.268523575459676,0.6602506714413607,0.4066994356453668
prot25,1,selector:margin,0.5514290915710904,0.03367922810850177,0.8200011165149657,0.268523575459676,0.6602506714413607,0.4066994356453668
prot25,1,selector:negentropy,0.5514290915710904,0.03367922810850177,0.8200011165149657,0.268523575459676,0.6602506714413607,0.4066994356453668
prot25,1,selector:agreement,0.5514290915710904,0.00983069361004918,0.17316586012475899,0.24030584380120154,0.6583541147132169,0.3650100127434917
prot25,1,selector:random,0.5514290915710904,0.06644820680866559,0.5787480403672538,0.19916257054432915,0.5160377358490567,0.3859457491352631
prot25,2,conformal gate,0.5514290915710904,0.15892954669579473,0.8660069020973927,0.09448388858547242,0.24880153403643337,0.3797560531585654
prot25,2,selector:maxprob,0.5514290915710904,0.02894593118514477,0.7930864918734406,0.2632441288913162,0.6636071592473611,0.3966866921536501
prot25,2,selector:margin,0.5514290915710904,0.02894593118514477,0.7930864918734406,0.2632441288913162,0.6636071592473611,0.3966866921536501
prot25,2,selector:negentropy,0.5514290915710904,0.02894593118514477,0.7930864918734406,0.2632441288913162,0.6636071592473611,0.3966866921536501
prot25,2,selector:agreement,0.5514290915710904,0.010012743491716769,0.16037305488320458,0.23229564900782815,0.6567164179104478,0.3537229200801019
prot25,2,selector:random,0.5514290915710904,0.06480975787365739,0.5659120547886284,0.194065173857637,0.5162227602905569,0.3759330056435463
scaffold,0,conformal gate,0.7453122155470598,0.025122883670125717,0.08886238373341228,0.035317677043509924,0.12412028150991683,0.2845439650464227
scaffold,0,selector:maxprob,0.7453122155470598,0.00036409976333517946,0.23573922811301626,0.1618423448024759,0.5742894056847545,0.2818132168214091
scaffold,0,selector:margin,0.7453122155470598,0.00036409976333517946,0.23573922811301626,0.1618423448024759,0.5742894056847545,0.2818132168214091
scaffold,0,selector:negentropy,0.7453122155470598,0.00036409976333517946,0.23573922811301626,0.1618423448024759,0.5742894056847545,0.2818132168214091
scaffold,0,selector:agreement,0.7453122155470598,-0.0001820498816674787,0.04282568668051315,0.07828144911705807,0.2834541858932103,0.2761696704897142
scaffold,0,selector:random,0.7453122155470598,0.007828144911705914,0.18524010770635307,0.156198798470781,0.562992125984252,0.2774440196613872
scaffold,1,conformal gate,0.7453122155470598,0.025304933551793196,0.08957696002025613,0.035317677043509924,0.12404092071611253,0.2847260149280903
scaffold,1,selector:maxprob,0.7453122155470598,0.0005461496450027692,0.21927972010714833,0.1554705989441107,0.5754716981132075,0.2701620243946841
scaffold,1,selector:margin,0.7453122155470598,0.0005461496450027692,0.21927972010714833,0.1554705989441107,0.5754716981132075,0.2701620243946841
scaffold,1,selector:negentropy,0.7453122155470598,0.0005461496450027692,0.21927972010714833,0.1554705989441107,0.5754716981132075,0.2701620243946841
scaffold,1,selector:agreement,0.7453122155470598,0.0,0.041833362291944336,0.0717276533770253,0.2689419795221843,0.2667030766430002
scaffold,1,selector:random,0.7453122155470598,0.007828144911705914,0.18523493760038084,0.156198798470781,0.5626229508196722,0.2776260695430548
scaffold,2,conformal gate,0.7453122155470598,0.02894593118514477,0.14759314947303126,0.05315856544693246,0.16600341102899374,0.3202257418532678
scaffold,2,selector:maxprob,0.7453122155470598,-0.0005461496450026582,0.2826067216030707,0.1946113235026397,0.5889807162534435,0.3304205352266521
scaffold,2,selector:margin,0.7453122155470598,-0.0005461496450026582,0.2826067216030707,0.1946113235026397,0.5889807162534435,0.3304205352266521
scaffold,2,selector:negentropy,0.7453122155470598,-0.0005461496450026582,0.2826067216030707,0.1946113235026397,0.5889807162534435,0.3304205352266521
scaffold,2,selector:agreement,0.7453122155470598,0.00036409976333517946,0.04658861732858223,0.11068632805388677,0.3572267920094007,0.3098488985982159
scaffold,2,selector:random,0.7453122155470598,0.008374294556708572,0.20179679449382568,0.17859093391589295,0.5677083333333334,0.3145821955215729
scaffold_prot50,0,conformal gate,0.6730384125250318,0.0724558529036956,0.28316200019762117,0.0693610049153468,0.21261160714285715,0.3262333879482978
scaffold_prot50,0,selector:maxprob,0.6730384125250318,0.0014563990533406068,0.4186385665350122,0.2475878390679046,0.7387289516567083,0.3351538321500091
scaffold_prot50,0,selector:margin,0.6730384125250318,0.0014563990533406068,0.4186385665350122,0.2475878390679046,0.7387289516567083,0.3351538321500091
scaffold_prot50,0,selector:negentropy,0.6730384125250318,0.0014563990533406068,0.4186385665350122,0.2475878390679046,0.7387289516567083,0.3351538321500091
scaffold_prot50,0,selector:agreement,0.6730384125250318,0.00018204988166758973,0.045516793333200474,0.1623884944474786,0.5240893066980024,0.3098488985982159
scaffold_prot50,0,selector:random,0.6730384125250318,0.022210085563444393,0.2352183091190488,0.1756781358092117,0.5498575498575499,0.3194975423265975
scaffold_prot50,1,conformal gate,0.6730384125250318,0.07318405243036596,0.2860653236465743,0.0733661023120335,0.21736785329018338,0.3375204806116876
scaffold_prot50,1,selector:maxprob,0.6730384125250318,0.002730748225013735,0.4229728379896677,0.2475878390679046,0.7319698600645855,0.3382486801383579
scaffold_prot50,1,selector:margin,0.6730384125250318,0.002730748225013735,0.4229728379896677,0.2475878390679046,0.7319698600645855,0.3382486801383579
scaffold_prot50,1,selector:negentropy,0.6730384125250318,0.002730748225013735,0.4229728379896677,0.2475878390679046,0.7319698600645855,0.3382486801383579
scaffold_prot50,1,selector:agreement,0.6730384125250318,0.0,0.04567109168517202,0.16111414527580556,0.5175438596491229,0.3113052976515565
scaffold_prot50,1,selector:random,0.6730384125250318,0.022574185326779572,0.24339728620384868,0.1820498816675769,0.5488474204171241,0.3316948843983251
scaffold_prot50,2,conformal gate,0.6730384125250318,0.07190970325869295,0.30751171337779803,0.0811942472237393,0.23289817232375978,0.3486255233934098
scaffold_prot50,2,selector:maxprob,0.6730384125250318,0.002002548698343376,0.43854864762067447,0.263790278536319,0.7362804878048781,0.3582741671217914
scaffold_prot50,2,selector:margin,0.6730384125250318,0.002002548698343376,0.43854864762067447,0.263790278536319,0.7362804878048781,0.3582741671217914
scaffold_prot50,2,selector:negentropy,0.6730384125250318,0.002002548698343376,0.43854864762067447,0.263790278536319,0.7362804878048781,0.3582741671217914
scaffold_prot50,2,selector:agreement,0.6730384125250318,0.00036409976333517946,0.0490518615209942,0.1736755871108684,0.5314763231197771,0.3267795375933006
scaffold_prot50,2,selector:random,0.6730384125250318,0.02439468414345536,0.24814964774516976,0.18933187693428,0.554075652637187,0.3417076278900419
