condition,target,beta,base_metric,blanket_metric_delta,gate_metric_delta,base_loss,gate_loss_gain,blanket_loss_gain,blanket_joint_harm,target_accuracy,ph,ph_se,apply_rate,joint_harm,cond_harm,q_hat,n_pool,n_fit,n_conf,n_test,alpha,delta,k,exchangeable,notes,seed,design,protocol,base_acc,base_wf1,blanket_acc,blanket_wf1,gated_acc,gated_wf1
low_cost_accels_only,hard,0.9,0.5661929693343306,0.18175018698578904,0.18997756170531033,2.8654199690197784,1.8241758571133144,2.2859398258349577,0.4405385190725505,0.7277486910994765,0.3117812028728039,0.011845983569888141,0.4988780852655198,0.06282722513089005,0.12593703148425786,0.6155399048952106,1336,1336,1336,1337,0.2,0.05,50,True,[],0,condition_specialist,deployment,0.5661929693343306,0.5551627953820899,0.7479431563201197,0.7390107775188997,0.7561705310396409,0.7484352640315047
low_cost_accels_only,cross_mask,1.0,0.5661929693343306,0.008975317875841382,0.0718025430067315,2.8654199690197784,0.4751282851725268,1.52021320693348,0.4667165295437547,0.575168287210172,0.3117812028728039,0.011845983569888141,0.3410620792819746,0.05983545250560957,0.17543859649122806,0.8828466191722343,1336,1336,1336,1337,0.2,0.05,50,True,[],0,condition_specialist,deployment,0.5661929693343306,0.5551627953820899,0.575168287210172,0.5213464004200052,0.6379955123410621,0.6059820241486218
low_cost_accels_only,hard,1.0,0.44278234854151083,0.29394166043380704,0.28421839940164545,3.8587918137487054,2.1957881901187615,3.097869171205152,0.3036649214659686,0.7367240089753179,0.4332663888718053,0.012555481328700928,0.606581899775617,0.059087509349289455,0.09741060419235512,0.62,1336,1336,1336,1337,0.2,0.05,50,True,[],0,full_masked,deployment,0.44278234854151083,0.42915983475339065,0.7367240089753179,0.7373083929203227,0.7270007479431563,0.7245271403936604
low_cost_accels_only,cross_mask,0.975,0.44278234854151083,0.15632011967090503,0.16080777860882572,3.8587918137487054,1.597827181160662,2.6689631264958558,0.37471952131638,0.5968586387434555,0.4332663888718053,0.012555481328700928,0.5759162303664922,0.1323859386686612,0.22987012987012986,0.82976761480593,1336,1336,1336,1337,0.2,0.05,50,True,[],0,full_masked,deployment,0.44278234854151083,0.42915983475339065,0.5991024682124159,0.5414802079156976,0.6035901271503366,0.5542606455466693
no_shoes,hard,0.95,0.6320119670905011,0.149588631264024,0.15482423335826478,2.6275596916973427,1.4812925186298107,2.0872140402836314,0.4682124158563949,0.7763649962602842,0.28402345316371347,0.011614314627266946,0.49214659685863876,0.07180254300673149,0.1458966565349544,0.5700178616293176,1336,1336,1336,1337,0.2,0.05,50,True,[],0,condition_specialist,deployment,0.6320119670905011,0.6259936730966847,0.7816005983545251,0.7822042768239683,0.7868362004487659,0.7851158736594406
no_shoes,cross_mask,0.8,0.6320119670905011,-0.00972326103216159,0.010471204188481686,2.6275596916973427,0.16652962669130592,1.5135821795864588,0.5026178010471204,0.5931189229618549,0.28402345316371347,0.011614314627266946,0.24906507105459985,0.03590127150336574,0.14414414414414414,0.7998739615380369,1336,1336,1336,1337,0.2,0.05,50,True,[],0,condition_specialist,deployment,0.6320119670905011,0.6259936730966847,0.6222887060583395,0.5833659677846524,0.6424831712789828,0.6325469588521916
no_shoes,hard,0.975,0.6148092744951383,0.16753926701570687,0.16454749439042637,2.9333079115738827,1.564279205586877,2.359919489876088,0.42034405385190726,0.7830964846671653,0.2860132316760188,0.01161882293274188,0.5056095736724009,0.055347793567688854,0.10946745562130178,0.585384327345444,1336,1336,1336,1337,0.2,0.05,50,True,[],0,full_masked,deployment,0.6148092744951383,0.5843487627792224,0.7823485415108452,0.7814932066381326,0.7793567688855647,0.77541427897366
no_shoes,cross_mask,0.75,0.6148092744951383,0.011219147344801783,0.01421091997008228,2.9333079115738827,0.11871168086572675,1.916934024013213,0.4831712789827973,0.6013462976813763,0.2860132316760188,0.01161882293274188,0.243829468960359,0.027673896783844427,0.11349693251533742,0.7529368465950789,1336,1336,1336,1337,0.2,0.05,50,True,[],0,full_masked,deployment,0.6148092744951383,0.5843487627792224,0.6260284218399401,0.5777651481898292,0.6290201944652206,0.5958287764605915
no_imu_family,hard,0.875,0.5295437546746448,0.2198952879581152,0.2131637995512341,4.039441193705808,2.780153528781574,3.452076213371325,0.4637247569184742,0.7292445774121167,0.3718956825413529,0.012754270209264812,0.48915482423335827,0.07554225878833208,0.154434250764526,0.5974999499187593,1336,1336,1336,1337,0.2,0.05,50,True,[],0,condition_specialist,deployment,0.5295437546746448,0.4665590967468559,0.74943904263276,0.7493128949430768,0.7427075542258789,0.7381297817954815
no_imu_family,cross_mask,0.025,0.5295437546746448,0.0,0.0,4.039441193705808,1.4782797763258502,1.4782797763258502,0.0,0.5602094240837696,0.3718956825413529,0.012754270209264812,1.0,0.0,0.0,0.993483655340318,1336,1336,1336,1337,0.2,0.05,50,True,[],0,condition_specialist,deployment,0.5295437546746448,0.4665590967468559,0.5295437546746448,0.4665590967468559,0.5295437546746448,0.4665590967468559
no_imu_family,hard,0.9,0.537023186237846,0.22288706058339558,0.23635003739715776,4.27143088538912,3.0164531098692016,3.7115962327740326,0.47270007479431564,0.7531787584143605,0.3834006272818325,0.012954448839523977,0.48915482423335827,0.07928197456993269,0.1620795107033639,0.5859995193300783,1336,1336,1336,1337,0.2,0.05,50,True,[],0,full_masked,deployment,0.537023186237846,0.46060145851341905,0.7599102468212415,0.754381313229655,0.7733732236350037,0.768745566687458
no_imu_family,cross_mask,1.0,0.537023186237846,0.04263275991024684,0.026925953627524257,4.27143088538912,0.2134555056368663,2.971088791951611,0.387434554973822,0.5796559461480928,0.3834006272818325,0.012954448839523977,0.21540762902019447,0.008975317875841436,0.041666666666666664,0.8763683998945383,1336,1336,1336,1337,0.2,0.05,50,True,[],0,full_masked,deployment,0.537023186237846,0.46060145851341905,0.5796559461480928,0.517286792509744,0.5639491398653702,0.49321716297603224
severe_three_sensors,hard,1.0,0.6544502617801047,0.13313388182498131,0.12864622288706062,2.5775332750575863,1.489731374449221,1.9836005368291325,0.5026178010471204,0.787584143605086,0.2514819437857899,0.011286777855729796,0.46970830216903514,0.07180254300673149,0.15286624203821655,0.56,1336,1336,1336,1337,0.2,0.05,50,True,[],0,condition_specialist,deployment,0.6544502617801047,0.6517262680314289,0.787584143605086,0.7869042748058181,0.7830964846671653,0.7834926597239504
severe_three_sensors,cross_mask,0.675,0.6544502617801047,0.008975317875841493,0.002243829468960401,2.5775332750575863,0.06541081988335146,1.2816170994897966,0.47344801795063574,0.5766641735228123,0.2514819437857899,0.011286777855729796,0.24308152580403888,0.011967090501121914,0.04923076923076923,0.7553156277477052,1336,1336,1336,1337,0.2,0.05,50,True,[],0,condition_specialist,deployment,0.6544502617801047,0.6517262680314289,0.6634255796559462,0.6379591319212345,0.6566940912490651,0.6527640177992873
severe_three_sensors,hard,1.0,0.450261780104712,0.3365744203440539,0.337322363500374,6.284346346423099,4.927287717356791,5.7011748347867295,0.35527299925205685,0.7868362004487659,0.4753098514632502,0.01341376176162298,0.6148092744951383,0.059087509349289455,0.09610705596107055,0.54,1336,1336,1336,1337,0.2,0.05,50,True,[],0,full_masked,deployment,0.450261780104712,0.31862114264081043,0.7868362004487659,0.7841534298984447,0.787584143605086,0.7836008495162827
severe_three_sensors,cross_mask,1.0,0.450261780104712,0.14958863126402394,0.06432311144353037,6.284346346423099,0.838716589622138,4.711748489274962,0.30142109199700823,0.599850411368736,0.4753098514632502,0.01341376176162298,0.2393418100224383,0.0014958863126402393,0.00625,0.8884858102189295,1336,1336,1336,1337,0.2,0.05,50,True,[],0,full_masked,deployment,0.450261780104712,0.31862114264081043,0.599850411368736,0.5578051544571122,0.5145848915482424,0.4285178143349186
low_cost_accels_only,hard,0.875,0.474943904263276,0.27748691099476436,0.2707554225878834,3.1754309911486724,1.9894246218760456,2.5886227440545935,0.35976065818997754,0.7524308152580403,0.38385757128225734,0.01216973058204194,0.5474943904263276,0.059087509349289455,0.10792349726775956,0.6125786770045936,1336,1336,1336,1337,0.2,0.05,50,True,[],1,condition_specialist,deployment,0.474943904263276,0.47053548661123157,0.7524308152580403,0.7515435097833049,0.7456993268511594,0.7445811151652604
low_cost_accels_only,cross_mask,1.0,0.474943904263276,0.06133133881824987,0.09947643979057591,3.1754309911486724,0.88902754842943,1.832921494232475,0.4495138369483919,0.5362752430815259,0.38385757128225734,0.01216973058204194,0.3395661929693343,0.05609573672400898,0.16519823788546256,0.873269841196708,1336,1336,1336,1337,0.2,0.05,50,True,[],1,condition_specialist,deployment,0.474943904263276,0.47053548661123157,0.5362752430815259,0.4921134618381524,0.5744203440538519,0.5850106544555043
low_cost_accels_only,hard,1.0,0.38668661181750186,0.3724756918474196,0.344053851907255,4.178279615021946,2.5800551882468796,3.529808200028022,0.268511593118923,0.7591623036649214,0.4700902298213237,0.012453132361816005,0.6245325355272999,0.04113687359760658,0.0658682634730539,0.62,1336,1336,1336,1337,0.2,0.05,50,True,[],1,full_masked,deployment,0.38668661181750186,0.38156404145716183,0.7591623036649214,0.7583771514243987,0.7307404637247569,0.7272470205751057
low_cost_accels_only,cross_mask,1.0,0.38668661181750186,0.1413612565445026,0.1338818249813014,4.178279615021946,1.1871483129888354,2.789895710495131,0.39640987284966345,0.5280478683620045,0.4700902298213237,0.012453132361816005,0.4031413612565445,0.08376963350785341,0.2077922077922078,0.8670231286257531,1336,1336,1336,1337,0.2,0.05,50,True,[],1,full_masked,deployment,0.38668661181750186,0.38156404145716183,0.5280478683620045,0.48942404801561323,0.5205684367988033,0.5374677441851221
no_shoes,hard,0.925,0.649962602842184,0.11817501869857894,0.10695587135377715,2.022646037936561,0.8529080132030269,1.4408456745598135,0.4338070306656694,0.7569184741959611,0.23248460517940667,0.010610716066355831,0.4981301421091997,0.06955871353777113,0.13963963963963963,0.5526719414453987,1336,1336,1336,1337,0.2,0.05,50,True,[],1,condition_specialist,deployment,0.649962602842184,0.643276134152162,0.7681376215407629,0.769581462481235,0.7569184741959611,0.7579459815942133
no_shoes,cross_mask,0.725,0.649962602842184,-0.0777860882572925,0.005983545250560995,2.022646037936561,0.022881666950324026,1.0343988424759465,0.5901271503365744,0.5430067314884068,0.23248460517940667,0.010610716066355831,0.11593118922961855,0.012715033657442034,0.10967741935483871,0.7754929764708665,1336,1336,1336,1337,0.2,0.05,50,True,[],1,condition_specialist,deployment,0.649962602842184,0.643276134152162,0.5721765145848915,0.5625407863010382,0.655946148092745,0.6473368810582577
no_shoes,hard,0.95,0.543754674644727,0.22887060583395658,0.2124158563949139,2.6803839201756783,1.5323828283328684,2.1213503991457956,0.3582647718773373,0.7733732236350037,0.32999750165520747,0.011708585037669073,0.575168287210172,0.05609573672400898,0.09752925877763328,0.5890111726943603,1336,1336,1336,1337,0.2,0.05,50,True,[],1,full_masked,deployment,0.543754674644727,0.5109656730474266,0.7726252804786836,0.7631259268476277,0.7561705310396409,0.7443205429586431
no_shoes,cross_mask,0.825,0.543754674644727,0.00224382946896029,-0.0014958863126403044,2.6803839201756783,0.024820749699933968,1.4959728296659096,0.487658937920718,0.5385190725504861,0.32999750165520747,0.011708585037669073,0.11967090501121914,0.009723261032161555,0.08125,0.864350261465709,1336,1336,1336,1337,0.2,0.05,50,True,[],1,full_masked,deployment,0.543754674644727,0.5109656730474266,0.5459985041136873,0.5034883176594341,0.5422587883320867,0.5098794034408056
no_imu_family,hard,0.875,0.5190725504861631,0.20194465220643232,0.212415856394914,2.4532183344308574,1.35471766906173,1.8145781173698905,0.44801795063575167,0.7135377711293942,0.33853011266597327,0.011871098997639468,0.4906507105459985,0.08227374719521316,0.1676829268292683,0.6087728074837674,1336,1336,1336,1337,0.2,0.05,50,True,[],1,condition_specialist,deployment,0.5190725504861631,0.4841874408389942,0.7210172026925954,0.7120611589719259,0.7314884068810771,0.7201251342477669
no_imu_family,cross_mask,1.0,0.5190725504861631,-0.002243829468960401,0.08376963350785338,2.4532183344308574,0.5097827184218642,1.0221079549017993,0.5078534031413613,0.5168287210172027,0.33853011266597327,0.011871098997639468,0.29768137621540763,0.055347793567688854,0.18592964824120603,0.9119523524995282,1336,1336,1336,1337,0.2,0.05,50,True,[],1,condition_specialist,deployment,0.5190725504861631,0.4841874408389942,0.5168287210172027,0.4847735642482824,0.6028421839940165,0.5986499594735077
no_imu_family,hard,0.975,0.4779356768885565,0.28197456993268505,0.27449513836948386,2.6666712587505104,1.5999125992894117,2.0954114835596744,0.36574420344053854,0.7576664173522812,0.3566881839516796,0.01135111699587835,0.6163051608077786,0.08825729244577413,0.14320388349514562,0.6098589592890131,1336,1336,1336,1337,0.2,0.05,50,True,[],1,full_masked,deployment,0.4779356768885565,0.45499325254713646,0.7599102468212415,0.7598299066120779,0.7524308152580403,0.7481577966869681
no_imu_family,cross_mask,1.0,0.4779356768885565,0.05086013462976807,0.041136873597606594,2.6666712587505104,0.13042930887101636,1.2126261518839274,0.4255796559461481,0.5287958115183246,0.3566881839516796,0.01135111699587835,0.21091997008227376,0.04038893044128646,0.19148936170212766,0.9121455960850289,1336,1336,1336,1337,0.2,0.05,50,True,[],1,full_masked,deployment,0.4779356768885565,0.45499325254713646,0.5287958115183246,0.5051469162750358,0.5190725504861631,0.5032716183880768
severe_three_sensors,hard,1.0,0.6200448765893792,0.15632011967090498,0.17202692595362745,3.1582011702261585,1.9591177113723477,2.590854527129923,0.49289454001495886,0.7763649962602842,0.2926501222334582,0.011857785113613127,0.4525056095736724,0.04786836200448766,0.10578512396694215,0.5800000000000001,1336,1336,1336,1337,0.2,0.05,50,True,[],1,condition_specialist,deployment,0.6200448765893792,0.6102614941895028,0.7763649962602842,0.7695600489218013,0.7920718025430067,0.7900571793578425
severe_three_sensors,cross_mask,0.825,0.6200448765893792,-0.05086013462976813,-0.0029917726252804977,3.1582011702261585,0.02262812050887873,1.9377776815952934,0.5332834704562454,0.531039640987285,0.2926501222334582,0.011857785113613127,0.13986537023186238,0.014210919970082274,0.10160427807486631,0.8695095645680777,1336,1336,1336,1337,0.2,0.05,50,True,[],1,condition_specialist,deployment,0.6200448765893792,0.6102614941895028,0.5691847419596111,0.558960992559302,0.6170531039640987,0.605249846259206
severe_three_sensors,hard,0.95,0.5519820493642483,0.25878833208676144,0.24906507105459985,3.7824013420039706,2.638842690167687,3.224967804646927,0.418848167539267,0.8077786088257293,0.36106333497791565,0.012753809417295474,0.5272999252056844,0.05385190725504862,0.10212765957446808,0.5629989460601516,1336,1336,1336,1337,0.2,0.05,50,True,[],1,full_masked,deployment,0.5519820493642483,0.4825830817650162,0.8107703814510098,0.8096337960320213,0.8010471204188482,0.7990919987876188
severe_three_sensors,cross_mask,0.925,0.5519820493642483,0.01196709050112188,0.005235602094240788,3.7824013420039706,0.42600747683451146,2.5579326688813646,0.4472700074794316,0.5452505609573672,0.36106333497791565,0.012753809417295474,0.23261032161555723,0.020942408376963352,0.09003215434083602,0.8690733272138184,1336,1336,1336,1337,0.2,0.05,50,True,[],1,full_masked,deployment,0.5519820493642483,0.4825830817650162,0.5639491398653702,0.5433582674873674,0.5572176514584891,0.510462892390531
low_cost_accels_only,hard,0.925,0.4816753926701571,0.28870605833956614,0.28047868362004486,1.9959145170284174,1.1206703262042954,1.4039880549116743,0.3298429319371728,0.774869109947644,0.3319063642093861,0.01089929556552335,0.605833956619297,0.05385190725504862,0.08888888888888889,0.6096985931392078,1336,1336,1336,1337,0.2,0.05,50,True,[],2,condition_specialist,deployment,0.4816753926701571,0.4820646016334955,0.7703814510097232,0.7689067235244094,0.7621540762902019,0.7611538298282865
low_cost_accels_only,cross_mask,1.0,0.4816753926701571,0.15407629020194463,0.16529543754674642,1.9959145170284174,0.07505608606033952,0.4255813766263268,0.46148092744951386,0.6357516828721017,0.3319063642093861,0.01089929556552335,0.5220643231114436,0.13911742707554225,0.2664756446991404,0.7382801793393727,1336,1336,1336,1337,0.2,0.05,50,True,[],2,condition_specialist,deployment,0.4816753926701571,0.4820646016334955,0.6357516828721017,0.6024215942798159,0.6469708302169035,0.6176481607175132
low_cost_accels_only,hard,0.85,0.4532535527299925,0.29020194465220644,0.2991772625280478,4.849360324812069,3.5469756877955123,4.24749060114305,0.37920718025430067,0.7329842931937173,0.43948924121100363,0.012863647554390414,0.5542258788332087,0.05385190725504862,0.09716599190283401,0.6120114688527084,1336,1336,1336,1337,0.2,0.05,50,True,[],2,full_masked,deployment,0.4532535527299925,0.322501972834066,0.743455497382199,0.7352070513162128,0.7524308152580403,0.7330618337642315
low_cost_accels_only,cross_mask,1.0,0.4532535527299925,0.15033657442034404,0.13313388182498126,4.849360324812069,2.143761102854121,3.4589234780621387,0.3388182498130142,0.6035901271503366,0.43948924121100363,0.012863647554390414,0.45923709798055345,0.011219147344801795,0.024429967426710098,0.7906595052799209,1336,1336,1336,1337,0.2,0.05,50,True,[],2,full_masked,deployment,0.4532535527299925,0.322501972834066,0.6035901271503366,0.5650638853427583,0.5863874345549738,0.5307165824483855
no_shoes,hard,1.0,0.599850411368736,0.18100224382946895,0.17875841436050866,3.028595261811014,1.8503260586761416,2.44643431377835,0.4113687359760658,0.7808526551982049,0.314931687555386,0.011922565899891073,0.5467464472700074,0.05983545250560957,0.1094391244870041,0.5800000000000001,1336,1336,1336,1337,0.2,0.05,50,True,[],2,condition_specialist,deployment,0.599850411368736,0.6075580425932857,0.7808526551982049,0.7809371610719493,0.7786088257292446,0.7780670241875639
no_shoes,cross_mask,1.0,0.599850411368736,0.0732984293193717,0.0718025430067315,3.028595261811014,0.9266313789854763,1.724258475611676,0.5160807778608826,0.6731488406881077,0.314931687555386,0.011922565899891073,0.45400149588631267,0.11967090501121914,0.26359143327841844,0.7973526130544241,1336,1336,1336,1337,0.2,0.05,50,True,[],2,condition_specialist,deployment,0.599850411368736,0.6075580425932857,0.6731488406881077,0.6414812885193875,0.6716529543754675,0.6581847651905394
no_shoes,hard,1.0,0.5385190725504861,0.26551982049364253,0.25953627524308154,2.849175779504792,1.7731690728663907,2.286881822416567,0.3724756918474196,0.8040388930441287,0.35740059251576456,0.012075430893792146,0.5908750934928946,0.06581899775617053,0.11139240506329114,0.56,1336,1336,1336,1337,0.2,0.05,50,True,[],2,full_masked,deployment,0.5385190725504861,0.49814313086671275,0.8040388930441287,0.8002949952772359,0.7980553477935677,0.7919183520756448
no_shoes,cross_mask,1.0,0.5385190725504861,0.09349289454001497,0.074794315632012,2.849175779504792,0.38561964411581057,1.3259197349114966,0.4913986537023186,0.6320119670905011,0.35740059251576456,0.012075430893792146,0.3994016454749439,0.09723261032161555,0.24344569288389514,0.7946342189044123,1336,1336,1336,1337,0.2,0.05,50,True,[],2,full_masked,deployment,0.5385190725504861,0.49814313086671275,0.6320119670905011,0.5928783967607985,0.6133133881824981,0.5656098667293681
no_imu_family,hard,0.925,0.5407629020194465,0.22213911742707548,0.2041884816753926,3.41387809995473,2.127134213988602,2.834941700896376,0.47344801795063574,0.7449513836948392,0.362159236538034,0.012589617397759838,0.4712041884816754,0.08077786088257292,0.17142857142857143,0.5928385237617819,1336,1336,1336,1337,0.2,0.05,50,True,[],2,condition_specialist,deployment,0.5407629020194465,0.4703174413082068,0.762902019446522,0.764592469020162,0.7449513836948392,0.7418219789374751
no_imu_family,cross_mask,1.0,0.5407629020194465,0.09349289454001497,0.0703066566940912,3.41387809995473,0.5499044209184376,1.9869379633954372,0.42109199700822736,0.6342557965594615,0.362159236538034,0.012589617397759838,0.3807030665669409,0.055347793567688854,0.14538310412573674,0.8050662750689712,1336,1336,1336,1337,0.2,0.05,50,True,[],2,condition_specialist,deployment,0.5407629020194465,0.4703174413082068,0.6342557965594615,0.5956904965194121,0.6110695587135377,0.5666513444523169
no_imu_family,hard,0.95,0.5519820493642483,0.22961854899027678,0.22961854899027678,2.5757886089914597,1.8245816347273285,2.031366102710689,0.4824233358264772,0.7756170531039641,0.3339284868401905,0.012149269138172311,0.5467464472700074,0.11518324607329843,0.2106703146374829,0.5873563111387862,1336,1336,1336,1337,0.2,0.05,50,True,[],2,full_masked,deployment,0.5519820493642483,0.4722479817357876,0.7816005983545251,0.7834287667276731,0.7816005983545251,0.7831217175196654
no_imu_family,cross_mask,1.0,0.5519820493642483,0.10770381451009725,0.10246821241585635,2.5757886089914597,0.5239357216586014,1.1546248303025122,0.4263275991024682,0.6596858638743456,0.3339284868401905,0.012149269138172311,0.456245325355273,0.0800299177262528,0.17540983606557378,0.7855020070933886,1336,1336,1336,1337,0.2,0.05,50,True,[],2,full_masked,deployment,0.5519820493642483,0.4722479817357876,0.6596858638743456,0.6313219378439118,0.6544502617801047,0.6078558845743524
severe_three_sensors,hard,0.875,0.6896035901271503,0.11518324607329844,0.11069558713537775,2.6509368562830913,1.2901642444784296,2.078076971060955,0.5602094240837696,0.7599102468212415,0.22208389727505712,0.010927386436291304,0.36200448765893795,0.04786836200448766,0.1322314049586777,0.527482043726499,1336,1336,1336,1337,0.2,0.05,50,True,[],2,condition_specialist,deployment,0.6896035901271503,0.6828135455670308,0.8047868362004488,0.8040167706980884,0.8002991772625281,0.7994781717204131
severe_three_sensors,cross_mask,0.825,0.6896035901271503,-0.002243829468960401,0.005983545250560995,2.6509368562830913,0.4949097838549851,1.5302237100885814,0.5774121166791324,0.6716529543754675,0.22208389727505712,0.010927386436291304,0.2131637995512341,0.005235602094240838,0.02456140350877193,0.834745345577685,1336,1336,1336,1337,0.2,0.05,50,True,[],2,condition_specialist,deployment,0.6896035901271503,0.6828135455670308,0.6873597606581899,0.6609490807053602,0.6955871353777113,0.687708444535326
severe_three_sensors,hard,0.95,0.39267015706806285,0.44577412116679127,0.4308152580403889,6.441739669129464,4.9353073833017405,5.888749747633009,0.29768137621540763,0.8369483919222139,0.5338602721399346,0.013432160319575831,0.6207928197456993,0.033657442034405384,0.05421686746987952,0.543989670373276,1336,1336,1336,1337,0.2,0.05,50,True,[],2,full_masked,deployment,0.39267015706806285,0.22143053970003546,0.8384442782348541,0.8374103688959295,0.8234854151084517,0.8224701544561882
severe_three_sensors,cross_mask,1.0,0.39267015706806285,0.26327599102468213,0.17651458489154825,6.441739669129464,2.7242840293133517,4.985645106193811,0.27299925205684367,0.655946148092745,0.5338602721399346,0.013432160319575831,0.4644727000747943,0.0037397157816005983,0.008051529790660225,0.7717586608401,1336,1336,1336,1337,0.2,0.05,50,True,[],2,full_masked,deployment,0.39267015706806285,0.22143053970003546,0.655946148092745,0.6230311496904251,0.5691847419596111,0.5151829592731645
