dataset,condition,is_null,seed,measure,certify,beta,base_acc,d_acc,loss_gain,apply_rate,joint_harm,cond_harm
drugban_biosnap_random_s42,full,1,0,on,on,0.5,0.83306,-0.000182,0.04871,0.319498,0.010195,0.031909
drugban_biosnap_random_s42,full,1,0,on,off,0.5,0.83306,0.001092,0.341326,1.0,0.553796,0.553796
drugban_biosnap_random_s42,full,1,0,off,on,1.0,0.83306,-0.042782,0.023843,0.348626,0.097397,0.279373
drugban_biosnap_random_s42,full,1,0,off,off,1.0,0.83306,-0.046969,0.281464,1.0,0.646459,0.646459
drugban_biosnap_random_s42,full,1,1,on,on,0.5,0.83306,-0.000728,0.04864,0.316403,0.008738,0.027618
drugban_biosnap_random_s42,full,1,1,on,off,0.5,0.83306,0.001092,0.341326,1.0,0.553796,0.553796
drugban_biosnap_random_s42,full,1,1,off,on,1.0,0.83306,-0.042782,0.023843,0.348626,0.097397,0.279373
drugban_biosnap_random_s42,full,1,1,off,off,1.0,0.83306,-0.046969,0.281464,1.0,0.646459,0.646459
drugban_biosnap_random_s42,full,1,2,on,on,0.575,0.83306,0.000182,0.049107,0.317859,0.012379,0.038946
drugban_biosnap_random_s42,full,1,2,on,off,0.575,0.83306,-0.000728,0.340295,1.0,0.559439,0.559439
drugban_biosnap_random_s42,full,1,2,off,on,1.0,0.83306,-0.038777,0.020028,0.337703,0.089933,0.266307
drugban_biosnap_random_s42,full,1,2,off,off,1.0,0.83306,-0.046969,0.281464,1.0,0.646459,0.646459
drugban_biosnap_random_s42,prot50,0,0,on,on,0.8,0.722192,0.066448,0.258055,0.357182,0.068997,0.19317
drugban_biosnap_random_s42,prot50,0,0,on,off,0.8,0.722192,0.066266,0.553566,1.0,0.577826,0.577826
drugban_biosnap_random_s42,prot50,0,0,off,on,1.0,0.722192,0.047879,0.266064,0.386128,0.106863,0.276756
drugban_biosnap_random_s42,prot50,0,0,off,off,1.0,0.722192,0.041507,0.524217,1.0,0.602585,0.602585
drugban_biosnap_random_s42,prot50,0,1,on,on,0.725,0.722192,0.069543,0.223289,0.320772,0.047879,0.149262
drugban_biosnap_random_s42,prot50,0,1,on,off,0.725,0.722192,0.069543,0.554379,1.0,0.57546,0.57546
drugban_biosnap_random_s42,prot50,0,1,off,on,1.0,0.722192,0.047879,0.266064,0.386128,0.106863,0.276756
drugban_biosnap_random_s42,prot50,0,1,off,off,1.0,0.722192,0.041507,0.524217,1.0,0.602585,0.602585
drugban_biosnap_random_s42,prot50,0,2,on,on,0.825,0.722192,0.06663,0.249336,0.338067,0.067905,0.200862
drugban_biosnap_random_s42,prot50,0,2,on,off,0.825,0.722192,0.0639,0.552587,1.0,0.593119,0.593119
drugban_biosnap_random_s42,prot50,0,2,off,on,1.0,0.722192,0.052977,0.258529,0.365738,0.09412,0.257342
drugban_biosnap_random_s42,prot50,0,2,off,off,1.0,0.722192,0.041507,0.524217,1.0,0.602585,0.602585
drugban_biosnap_random_s42,prot25,0,0,on,on,0.975,0.551429,0.15984,0.871275,0.385582,0.096304,0.249764
drugban_biosnap_random_s42,prot25,0,0,on,off,0.975,0.551429,0.161114,1.444328,1.0,0.521027,0.521027
drugban_biosnap_random_s42,prot25,0,0,off,on,1.0,0.551429,0.15893,0.866007,0.379756,0.094484,0.248802
drugban_biosnap_random_s42,prot25,0,0,off,off,1.0,0.551429,0.160204,1.438065,1.0,0.521573,0.521573
drugban_biosnap_random_s42,prot25,0,1,on,on,0.925,0.551429,0.159658,0.870257,0.389405,0.098125,0.251987
drugban_biosnap_random_s42,prot25,0,1,on,off,0.925,0.551429,0.163299,1.445831,1.0,0.520845,0.520845
drugban_biosnap_random_s42,prot25,0,1,off,on,1.0,0.551429,0.159112,0.899028,0.407792,0.108138,0.265179
drugban_biosnap_random_s42,prot25,0,1,off,off,1.0,0.551429,0.160204,1.438065,1.0,0.521573,0.521573
drugban_biosnap_random_s42,prot25,0,2,on,on,1.0,0.551429,0.15893,0.866007,0.379756,0.094484,0.248802
drugban_biosnap_random_s42,prot25,0,2,on,off,1.0,0.551429,0.160204,1.438065,1.0,0.521573,0.521573
drugban_biosnap_random_s42,prot25,0,2,off,on,1.0,0.551429,0.15893,0.866007,0.379756,0.094484,0.248802
drugban_biosnap_random_s42,prot25,0,2,off,off,1.0,0.551429,0.160204,1.438065,1.0,0.521573,0.521573
drugban_biosnap_random_s42,scaffold,0,0,on,on,0.7,0.745312,0.025123,0.088862,0.284544,0.035318,0.12412
drugban_biosnap_random_s42,scaffold,0,0,on,off,0.7,0.745312,0.028218,0.660104,1.0,0.569634,0.569634
drugban_biosnap_random_s42,scaffold,0,0,off,on,1.0,0.745312,0.01602,0.246044,0.367195,0.101584,0.276648
drugban_biosnap_random_s42,scaffold,0,0,off,off,1.0,0.745312,0.011105,0.633349,1.0,0.606226,0.606226
drugban_biosnap_random_s42,scaffold,0,1,on,on,0.7,0.745312,0.025305,0.089577,0.284726,0.035318,0.124041
drugban_biosnap_random_s42,scaffold,0,1,on,off,0.7,0.745312,0.028218,0.660104,1.0,0.569634,0.569634
drugban_biosnap_random_s42,scaffold,0,1,off,on,1.0,0.745312,0.01602,0.246044,0.367195,0.101584,0.276648
drugban_biosnap_random_s42,scaffold,0,1,off,off,1.0,0.745312,0.011105,0.633349,1.0,0.606226,0.606226
drugban_biosnap_random_s42,scaffold,0,2,on,on,0.775,0.745312,0.028946,0.147593,0.320226,0.053159,0.166003
drugban_biosnap_random_s42,scaffold,0,2,on,off,0.775,0.745312,0.028218,0.659686,1.0,0.572547,0.572547
drugban_biosnap_random_s42,scaffold,0,2,off,on,1.0,0.745312,0.01602,0.246044,0.367195,0.101584,0.276648
drugban_biosnap_random_s42,scaffold,0,2,off,off,1.0,0.745312,0.011105,0.633349,1.0,0.606226,0.606226
drugban_biosnap_random_s42,scaffold_prot50,0,0,on,on,0.85,0.673038,0.072456,0.283162,0.326233,0.069361,0.212612
drugban_biosnap_random_s42,scaffold_prot50,0,0,on,off,0.85,0.673038,0.07373,0.725085,1.0,0.563991,0.563991
drugban_biosnap_random_s42,scaffold_prot50,0,0,off,on,1.0,0.673038,0.067723,0.35848,0.382669,0.103222,0.269743
drugban_biosnap_random_s42,scaffold_prot50,0,0,off,off,1.0,0.673038,0.062261,0.709637,1.0,0.569816,0.569816
drugban_biosnap_random_s42,scaffold_prot50,0,1,on,on,0.825,0.673038,0.073184,0.286065,0.33752,0.073366,0.217368
drugban_biosnap_random_s42,scaffold_prot50,0,1,on,off,0.825,0.673038,0.072274,0.725473,1.0,0.561806,0.561806
drugban_biosnap_random_s42,scaffold_prot50,0,1,off,on,1.0,0.673038,0.065356,0.382426,0.405607,0.115784,0.285458
drugban_biosnap_random_s42,scaffold_prot50,0,1,off,off,1.0,0.673038,0.062261,0.709637,1.0,0.569816,0.569816
drugban_biosnap_random_s42,scaffold_prot50,0,2,on,on,0.875,0.673038,0.07191,0.307512,0.348626,0.081194,0.232898
drugban_biosnap_random_s42,scaffold_prot50,0,2,on,off,0.875,0.673038,0.07282,0.724296,1.0,0.564901,0.564901
drugban_biosnap_random_s42,scaffold_prot50,0,2,off,on,1.0,0.673038,0.067723,0.35848,0.382669,0.103222,0.269743
drugban_biosnap_random_s42,scaffold_prot50,0,2,off,off,1.0,0.673038,0.062261,0.709637,1.0,0.569816,0.569816
drugban_bindingdb_random_s42,full,1,0,on,on,0.175,0.907419,0.000102,0.032124,0.668089,0.001728,0.002586
drugban_bindingdb_random_s42,full,1,0,on,off,0.175,0.907419,-0.000102,0.05615,1.0,0.279065,0.279065
drugban_bindingdb_random_s42,full,1,0,off,on,1.0,0.907419,-0.043902,-0.044008,0.348577,0.076626,0.219825
drugban_bindingdb_random_s42,full,1,0,off,off,1.0,0.907419,-0.063618,-0.082206,1.0,0.673272,0.673272
drugban_bindingdb_random_s42,full,1,1,on,on,0.175,0.907419,0.000102,0.032083,0.668699,0.002033,0.00304
drugban_bindingdb_random_s42,full,1,1,on,off,0.175,0.907419,-0.000102,0.05615,1.0,0.279065,0.279065
drugban_bindingdb_random_s42,full,1,1,off,on,1.0,0.907419,-0.043902,-0.044008,0.348577,0.076626,0.219825
drugban_bindingdb_random_s42,full,1,1,off,off,1.0,0.907419,-0.063618,-0.082206,1.0,0.673272,0.673272
drugban_bindingdb_random_s42,full,1,2,on,on,0.175,0.907419,0.000102,0.032124,0.668089,0.001728,0.002586
drugban_bindingdb_random_s42,full,1,2,on,off,0.175,0.907419,-0.000102,0.05615,1.0,0.279065,0.279065
drugban_bindingdb_random_s42,full,1,2,off,on,1.0,0.907419,-0.043902,-0.044008,0.348577,0.076626,0.219825
drugban_bindingdb_random_s42,full,1,2,off,off,1.0,0.907419,-0.063618,-0.082206,1.0,0.673272,0.673272
drugban_bindingdb_random_s42,prot50,0,0,on,on,0.4,0.840752,0.001931,0.008299,0.372561,0.008537,0.022913
drugban_bindingdb_random_s42,prot50,0,0,on,off,0.4,0.840752,0.00752,0.091727,1.0,0.507012,0.507012
drugban_bindingdb_random_s42,prot50,0,0,off,on,1.0,0.840752,-0.02439,0.017484,0.391057,0.101118,0.258576
drugban_bindingdb_random_s42,prot50,0,0,off,off,1.0,0.840752,-0.027846,0.017949,1.0,0.636585,0.636585
drugban_bindingdb_random_s42,prot50,0,1,on,on,0.375,0.840752,0.001423,0.008144,0.378557,0.00813,0.021477
drugban_bindingdb_random_s42,prot50,0,1,on,off,0.375,0.840752,0.006911,0.092002,1.0,0.500915,0.500915
drugban_bindingdb_random_s42,prot50,0,1,off,on,1.0,0.840752,-0.02439,0.017484,0.391057,0.101118,0.258576
drugban_bindingdb_random_s42,prot50,0,1,off,off,1.0,0.840752,-0.027846,0.017949,1.0,0.636585,0.636585
drugban_bindingdb_random_s42,prot50,0,2,on,on,0.4,0.840752,0.002033,0.00835,0.373069,0.008638,0.023154
drugban_bindingdb_random_s42,prot50,0,2,on,off,0.4,0.840752,0.00752,0.091727,1.0,0.507012,0.507012
drugban_bindingdb_random_s42,prot50,0,2,off,on,1.0,0.840752,-0.02439,0.017484,0.391057,0.101118,0.258576
drugban_bindingdb_random_s42,prot50,0,2,off,off,1.0,0.840752,-0.027846,0.017949,1.0,0.636585,0.636585
drugban_bindingdb_random_s42,prot25,0,0,on,on,0.825,0.704878,0.073984,0.147869,0.372764,0.060976,0.163577
drugban_bindingdb_random_s42,prot25,0,0,on,off,0.825,0.704878,0.072256,0.257176,1.0,0.539533,0.539533
drugban_bindingdb_random_s42,prot25,0,0,off,on,1.0,0.704878,0.06189,0.188035,0.435772,0.104167,0.239039
drugban_bindingdb_random_s42,prot25,0,0,off,off,1.0,0.704878,0.047459,0.24471,1.0,0.548679,0.548679
drugban_bindingdb_random_s42,prot25,0,1,on,on,0.8,0.704878,0.074898,0.14032,0.363618,0.05437,0.149525
drugban_bindingdb_random_s42,prot25,0,1,on,off,0.8,0.704878,0.073577,0.257642,1.0,0.536789,0.536789
drugban_bindingdb_random_s42,prot25,0,1,off,on,1.0,0.704878,0.06189,0.188035,0.435772,0.104167,0.239039
drugban_bindingdb_random_s42,prot25,0,1,off,off,1.0,0.704878,0.047459,0.24471,1.0,0.548679,0.548679
drugban_bindingdb_random_s42,prot25,0,2,on,on,0.8,0.704878,0.07561,0.140341,0.361484,0.052947,0.146472
drugban_bindingdb_random_s42,prot25,0,2,on,off,0.8,0.704878,0.073577,0.257642,1.0,0.536789,0.536789
drugban_bindingdb_random_s42,prot25,0,2,off,on,1.0,0.704878,0.06189,0.188035,0.435772,0.104167,0.239039
drugban_bindingdb_random_s42,prot25,0,2,off,off,1.0,0.704878,0.047459,0.24471,1.0,0.548679,0.548679
drugban_bindingdb_random_s42,scaffold,0,0,on,on,0.65,0.779167,0.050407,0.097625,0.331301,0.021545,0.065031
drugban_bindingdb_random_s42,scaffold,0,0,on,off,0.65,0.779167,0.05874,0.320494,1.0,0.551118,0.551118
drugban_bindingdb_random_s42,scaffold,0,0,off,on,1.0,0.779167,0.039329,0.154565,0.419309,0.090549,0.215948
drugban_bindingdb_random_s42,scaffold,0,0,off,off,1.0,0.779167,0.03811,0.270743,1.0,0.585772,0.585772
drugban_bindingdb_random_s42,scaffold,0,1,on,on,0.65,0.779167,0.048272,0.092169,0.325915,0.02002,0.061428
drugban_bindingdb_random_s42,scaffold,0,1,on,off,0.65,0.779167,0.05874,0.320494,1.0,0.551118,0.551118
drugban_bindingdb_random_s42,scaffold,0,1,off,on,1.0,0.779167,0.039329,0.154565,0.419309,0.090549,0.215948
drugban_bindingdb_random_s42,scaffold,0,1,off,off,1.0,0.779167,0.03811,0.270743,1.0,0.585772,0.585772
drugban_bindingdb_random_s42,scaffold,0,2,on,on,0.7,0.779167,0.052236,0.10951,0.329776,0.02185,0.066256
drugban_bindingdb_random_s42,scaffold,0,2,on,off,0.7,0.779167,0.059146,0.320297,1.0,0.554167,0.554167
drugban_bindingdb_random_s42,scaffold,0,2,off,on,1.0,0.779167,0.042175,0.151758,0.405894,0.082419,0.203055
drugban_bindingdb_random_s42,scaffold,0,2,off,off,1.0,0.779167,0.03811,0.270743,1.0,0.585772,0.585772
drugban_bindingdb_random_s42,scaffold_prot50,0,0,on,on,0.8,0.715244,0.083638,0.180527,0.387297,0.051931,0.134086
drugban_bindingdb_random_s42,scaffold_prot50,0,0,on,off,0.8,0.715244,0.084451,0.37493,1.0,0.522663,0.522663
drugban_bindingdb_random_s42,scaffold_prot50,0,0,off,on,1.0,0.715244,0.073069,0.200996,0.420935,0.086585,0.205698
drugban_bindingdb_random_s42,scaffold_prot50,0,0,off,off,1.0,0.715244,0.065955,0.346198,1.0,0.545833,0.545833
drugban_bindingdb_random_s42,scaffold_prot50,0,1,on,on,0.775,0.715244,0.082215,0.170809,0.376829,0.046951,0.124595
drugban_bindingdb_random_s42,scaffold_prot50,0,1,on,off,0.775,0.715244,0.082215,0.374738,1.0,0.521951,0.521951
drugban_bindingdb_random_s42,scaffold_prot50,0,1,off,on,1.0,0.715244,0.073069,0.200996,0.420935,0.086585,0.205698
drugban_bindingdb_random_s42,scaffold_prot50,0,1,off,off,1.0,0.715244,0.065955,0.346198,1.0,0.545833,0.545833
drugban_bindingdb_random_s42,scaffold_prot50,0,2,on,on,0.775,0.715244,0.08252,0.171563,0.380793,0.04878,0.128102
drugban_bindingdb_random_s42,scaffold_prot50,0,2,on,off,0.775,0.715244,0.082215,0.374738,1.0,0.521951,0.521951
drugban_bindingdb_random_s42,scaffold_prot50,0,2,off,on,1.0,0.715244,0.070935,0.212285,0.44624,0.100305,0.224778
drugban_bindingdb_random_s42,scaffold_prot50,0,2,off,off,1.0,0.715244,0.065955,0.346198,1.0,0.545833,0.545833
hateful_memes,complete,1,0,on,on,1.0,0.609,-0.008,0.000472,0.332,0.05,0.150602
hateful_memes,complete,1,0,on,off,1.0,0.609,-0.045,0.135771,1.0,0.468,0.468
hateful_memes,complete,1,0,off,on,1.0,0.609,-0.008,0.000472,0.332,0.05,0.150602
hateful_memes,complete,1,0,off,off,1.0,0.609,-0.045,0.135771,1.0,0.468,0.468
hateful_memes,complete,1,1,on,on,0.8,0.609,-0.002,0.016445,0.411,0.053,0.128954
hateful_memes,complete,1,1,on,off,0.8,0.609,-0.024,0.1302,1.0,0.426,0.426
hateful_memes,complete,1,1,off,on,1.0,0.609,-0.007,0.00083,0.345,0.056,0.162319
hateful_memes,complete,1,1,off,off,1.0,0.609,-0.045,0.135771,1.0,0.468,0.468
hateful_memes,complete,1,2,on,on,0.775,0.609,-0.002,0.019128,0.414,0.049,0.118357
hateful_memes,complete,1,2,on,off,0.775,0.609,-0.024,0.129197,1.0,0.422,0.422
hateful_memes,complete,1,2,off,on,1.0,0.609,-0.007,0.00083,0.345,0.056,0.162319
hateful_memes,complete,1,2,off,off,1.0,0.609,-0.045,0.135771,1.0,0.468,0.468
hateful_memes,textmiss,1,0,on,on,0.0,0.51,0.0,-0.0,1.0,0.0,0.0
hateful_memes,textmiss,1,0,on,off,0.0,0.51,0.0,-0.0,1.0,0.0,0.0
hateful_memes,textmiss,1,0,off,on,1.0,0.51,-0.002,-0.029229,0.483,0.123,0.254658
hateful_memes,textmiss,1,0,off,off,1.0,0.51,-0.004,-0.028651,1.0,0.396,0.396
hateful_memes,textmiss,1,1,on,on,0.0,0.51,0.0,-0.0,1.0,0.0,0.0
hateful_memes,textmiss,1,1,on,off,0.0,0.51,0.0,-0.0,1.0,0.0,0.0
hateful_memes,textmiss,1,1,off,on,1.0,0.51,-0.002,-0.032913,0.513,0.142,0.276803
hateful_memes,textmiss,1,1,off,off,1.0,0.51,-0.004,-0.028651,1.0,0.396,0.396
hateful_memes,textmiss,1,2,on,on,0.0,0.51,0.0,-0.0,1.0,0.0,0.0
hateful_memes,textmiss,1,2,on,off,0.0,0.51,0.0,-0.0,1.0,0.0,0.0
hateful_memes,textmiss,1,2,off,on,1.0,0.51,-0.002,-0.029229,0.483,0.123,0.254658
hateful_memes,textmiss,1,2,off,off,1.0,0.51,-0.004,-0.028651,1.0,0.396,0.396
hateful_memes,imgmiss,1,0,on,on,0.6,0.544,0.004,-0.003018,0.623,0.078,0.125201
hateful_memes,imgmiss,1,0,on,off,0.6,0.544,0.009,0.002754,1.0,0.264,0.264
hateful_memes,imgmiss,1,0,off,on,1.0,0.544,0.001,-0.016152,0.534,0.098,0.183521
hateful_memes,imgmiss,1,0,off,off,1.0,0.544,0.006,-0.002641,1.0,0.323,0.323
hateful_memes,imgmiss,1,1,on,on,0.625,0.544,0.005,-0.003625,0.609,0.08,0.131363
hateful_memes,imgmiss,1,1,on,off,0.625,0.544,0.01,0.002594,1.0,0.273,0.273
hateful_memes,imgmiss,1,1,off,on,1.0,0.544,0.001,-0.016152,0.534,0.098,0.183521
hateful_memes,imgmiss,1,1,off,off,1.0,0.544,0.006,-0.002641,1.0,0.323,0.323
hateful_memes,imgmiss,1,2,on,on,0.85,0.544,0.002,-0.010832,0.577,0.103,0.17851
hateful_memes,imgmiss,1,2,on,off,0.85,0.544,0.007,0.00012,1.0,0.308,0.308
hateful_memes,imgmiss,1,2,off,on,1.0,0.544,0.001,-0.016152,0.534,0.098,0.183521
hateful_memes,imgmiss,1,2,off,off,1.0,0.544,0.006,-0.002641,1.0,0.323,0.323
food101,complete,1,0,on,on,0.275,0.896324,0.0,0.011278,0.752479,0.006687,0.008887
food101,complete,1,0,on,off,0.275,0.896324,0.002168,0.09354,1.0,0.18217,0.18217
food101,complete,1,0,off,on,1.0,0.896324,-0.000323,-0.148656,0.703547,0.01937,0.027532
food101,complete,1,0,off,off,1.0,0.896324,-0.023428,-0.476002,1.0,0.262279,0.262279
food101,complete,1,1,on,on,0.25,0.896324,0.0,0.011292,0.758382,0.006826,0.009
food101,complete,1,1,on,off,0.25,0.896324,0.001983,0.093509,1.0,0.176129,0.176129
food101,complete,1,1,off,on,1.0,0.896324,-0.00083,-0.155852,0.706083,0.020892,0.029589
food101,complete,1,1,off,off,1.0,0.896324,-0.023428,-0.476002,1.0,0.262279,0.262279
food101,complete,1,2,on,on,0.25,0.896324,0.0,0.011258,0.759351,0.006964,0.009171
food101,complete,1,2,on,off,0.25,0.896324,0.001983,0.093509,1.0,0.176129,0.176129
food101,complete,1,2,off,on,1.0,0.896324,-0.00309,-0.178181,0.715814,0.026841,0.037498
food101,complete,1,2,off,off,1.0,0.896324,-0.023428,-0.476002,1.0,0.262279,0.262279
food101,textmiss,1,0,on,on,0.325,0.620117,0.0,0.003667,0.156205,0.004474,0.028639
food101,textmiss,1,0,on,off,0.325,0.620117,0.008624,0.368981,1.0,0.578933,0.578933
food101,textmiss,1,0,off,on,1.0,0.620117,0.005719,-0.331599,0.15104,0.035881,0.237557
food101,textmiss,1,0,off,off,1.0,0.620117,-0.028548,-1.485392,1.0,0.681087,0.681087
food101,textmiss,1,1,on,on,0.3,0.620117,0.0,0.004462,0.167643,0.004658,0.027785
food101,textmiss,1,1,on,off,0.3,0.620117,0.007564,0.368212,1.0,0.563621,0.563621
food101,textmiss,1,1,off,on,1.0,0.620117,0.002906,-0.191112,0.107919,0.018079,0.167521
food101,textmiss,1,1,off,off,1.0,0.620117,-0.028548,-1.485392,1.0,0.681087,0.681087
food101,textmiss,1,2,on,on,0.325,0.620117,0.0,0.003337,0.153346,0.004243,0.027669
food101,textmiss,1,2,on,off,0.325,0.620117,0.008624,0.368981,1.0,0.578933,0.578933
food101,textmiss,1,2,off,on,1.0,0.620117,0.002906,-0.191112,0.107919,0.018079,0.167521
food101,textmiss,1,2,off,off,1.0,0.620117,-0.028548,-1.485392,1.0,0.681087,0.681087
food101,imgmiss,1,0,on,on,0.175,0.825347,0.0,0.008887,0.771342,0.010607,0.013752
food101,imgmiss,1,0,on,off,0.175,0.825347,0.001107,0.068706,1.0,0.157635,0.157635
food101,imgmiss,1,0,off,on,1.0,0.825347,-0.005211,-0.351482,0.736752,0.036342,0.049327
food101,imgmiss,1,0,off,off,1.0,0.825347,-0.012913,-1.559988,1.0,0.239635,0.239635
food101,imgmiss,1,1,on,on,0.2,0.825347,0.0,0.010473,0.777798,0.013651,0.017551
food101,imgmiss,1,1,on,off,0.2,0.825347,0.001153,0.069689,1.0,0.161647,0.161647
food101,imgmiss,1,1,off,on,1.0,0.825347,-0.005673,-0.476966,0.751049,0.045381,0.060424
food101,imgmiss,1,1,off,off,1.0,0.825347,-0.012913,-1.559988,1.0,0.239635,0.239635
food101,imgmiss,1,2,on,on,0.175,0.825347,0.0,0.010178,0.780012,0.013236,0.016969
food101,imgmiss,1,2,on,off,0.175,0.825347,0.001107,0.068706,1.0,0.157635,0.157635
food101,imgmiss,1,2,off,on,1.0,0.825347,-0.005857,-0.504128,0.752986,0.046811,0.062167
food101,imgmiss,1,2,off,off,1.0,0.825347,-0.012913,-1.559988,1.0,0.239635,0.239635
